Date,BIR,BOC,Other Offices,BTr Income,Fees and Charges,CARP,Income from Malampaya,Privatization,Grants,Economic Support Fund,Other non-tax,Sale of Assets,Marcos Wealth,Allotment to LGUs,Interest Payments,Tax Expenditures,Subsidy,Equity,Net Lending,NG Disbursements
1/1/1986,2231,849,76,145,249,0,0,0,15,0,0,0,0,171,1376,0,12,2,707,0
2/1/1986,3351,1805,137,149,133,0,0,0,0,0,0,0,0,284,3753,0,19,452,1692,0
3/1/1986,6483,1578,102,84,468,0,0,0,10,0,0,0,0,298,1781,0,0,0,2357,0
4/1/1986,3384,1333,111,33,395,0,0,0,9,0,0,0,0,262,1307,0,9,200,1733,0
5/1/1986,2834,1402,107,192,269,0,0,0,7,4104,0,0,0,267,1292,0,0,3500,1481,0
6/1/1986,5050,1428,136,354,398,0,0,0,9,0,0,0,0,226,1034,0,21,9,2891,0
7/1/1986,3207,1360,110,32,559,0,0,0,0,0,0,0,0,375,1231,0,10,3500,-2225,0
8/1/1986,2697,1379,102,186,962,0,0,0,4,2046,0,0,0,312,1392,0,60,242,1905,0
9/1/1986,5322,1553,137,132,536,0,0,0,7,0,0,0,0,316,1663,0,23,205,3093,0
10/1/1986,3918,1241,71,53,327,0,0,0,0,0,0,0,0,223,1889,0,464,14,3216,0
11/1/1986,4181,1777,46,491,454,0,0,0,133,0,262,0,0,580,3979,0,962,4204,-2313,0
12/1/1986,46804,17496,1191,1962,5181,0,0,0,199,6150,262,0,0,3574,21612,0,1720,12337,15148,0
1/1/1987,2969,1925,101,188,329,0,0,7,2,0,0,0,0,172,2970,0,0,3,-194,0
2/1/1987,3771,2174,121,243,1040,0,0,73,160,0,0,0,0,444,4725,0,47,708,754,0
3/1/1987,7524,2080,133,567,165,0,0,1,88,0,372,0,0,185,3339,0,487,0,915,0
4/1/1987,4074,1638,102,134,323,0,0,7,4,0,0,0,0,260,2818,0,14,45,606,0
5/1/1987,5184,2340,149,246,312,0,0,7,205,1535,0,0,0,290,3472,507,0,289,526,0
6/1/1987,6334,2429,139,322,500,0,0,22,1,0,0,0,0,859,3037,0,0,33,1274,0
7/1/1987,4980,2062,134,146,307,0,0,95,0,27,0,0,0,8,2842,0,151,199,574,0
8/1/1987,3498,2549,118,452,547,0,0,493,128,0,22,0,0,587,3090,0,13,0,693,0
9/1/1987,5840,2392,113,658,357,0,0,308,253,1554,0,0,0,300,2635,0,418,4,1124,0
10/1/1987,3437,1998,80,310,371,0,0,94,354,0,5,0,0,297,2954,0,189,740,717,0
11/1/1987,5246,2938,41,2251,601,0,0,126,182,0,10,0,0,747,3292,542,517,2393,-758,0
12/1/1987,58600,25992,1331,5752,5368,0,0,1253,1393,3116,409,0,0,4304,36905,1049,1836,4414,7077,0
1/1/1988,3961,1990,132,42,511,0,0,0,246,0,0,614,0,321,3500,398,23,0,672,0
2/1/1988,3558,2263,150,514,211,0,0,0,30,36,0,503,0,643,5005,0,16,0,812,0
3/1/1988,8629,1890,152,1085,704,0,0,0,124,0,0,84,0,322,3852,0,50,77,188,0
4/1/1988,5659,2014,145,507,697,0,0,0,97,0,0,254,0,320,4190,0,135,165,453,0
5/1/1988,3808,2054,198,670,402,0,0,0,166,50,0,975,0,211,4169,0,219,1,456,0
6/1/1988,6344,1992,134,486,528,0,0,0,99,0,0,428,0,711,3496,0,178,0,468,0
7/1/1988,5644,2089,116,671,522,0,0,0,57,0,0,85,0,356,3884,0,41,523,712,0
8/1/1988,3645,2201,109,1152,151,0,0,0,49,0,0,846,0,400,3323,0,217,221,274,0
9/1/1988,6099,2017,160,1104,150,0,0,0,41,0,0,436,0,356,3533,0,160,193,375,0
10/1/1988,5524,2306,100,1047,473,0,0,0,334,51,0,901,0,356,2342,0,166,206,665,0
11/1/1988,4845,2608,131,1429,463,0,0,0,245,0,0,716,0,38,5276,598,827,437,-516,0
12/1/1988,63721,25014,1617,9211,5322,0,0,0,1775,195,0,6006,0,4360,45865,996,2032,1823,5415,0
1/1/1989,4404,2281,142,267,573,0,0,0,258,0,0,300,0,319,3843,0,0,0,633,0
2/1/1989,4527,2839,144,475,496,0,0,0,45,0,0,319,0,449,4522,0,138,140,-89,0
3/1/1989,10623,3121,178,1570,769,0,0,0,185,0,0,427,0,844,4857,0,150,8,601,0
4/1/1989,7244,3103,241,479,229,0,0,0,25,0,0,107,0,429,4683,0,417,510,122,0
5/1/1989,5237,3367,202,1295,314,0,0,0,260,19,0,137,0,441,2788,0,828,-507,512,0
6/1/1989,8720,3597,281,1841,530,0,0,0,40,0,0,24,0,465,4234,263,1365,319,413,0
7/1/1989,7226,3605,187,665,509,0,0,0,117,2353,0,325,0,432,4937,68,77,372,41,0
8/1/1989,4743,4114,172,2470,482,0,0,0,116,470,0,509,0,0,4071,0,666,415,-152,0
9/1/1989,8865,3221,178,1919,375,0,0,0,73,0,0,1035,0,467,5473,0,41,80,1079,0
10/1/1989,7305,2787,136,1187,468,0,0,0,125,0,0,192,0,443,5064,21,887,282,29,0
11/1/1989,5925,4097,86,1176,0,0,0,0,295,1925,0,706,0,487,5995,583,877,143,707,0
12/1/1989,82001,38375,2086,14190,5114,0,0,0,1701,4767,0,4176,0,5234,54714,935,5575,2107,4082,0
1/1/1990,5906,3164,160,775,236,0,0,208,105,0,38,0,0,1186,4073,65,83,0,-179,0
2/1/1990,6756,4471,173,607,489,0,0,178,277,0,11,0,0,593,4920,355,58,553,65,0
3/1/1990,13239,3366,160,1277,505,0,0,469,277,0,17,0,0,591,7708,0,917,414,231,0
4/1/1990,8993,3787,150,536,418,0,0,207,219,0,6,0,0,592,5447,20,998,85,210,0
5/1/1990,6272,4352,153,806,764,0,0,128,243,0,2,0,0,592,5696,520,5202,1065,-4757,0
6/1/1990,11132,3596,152,1166,305,0,0,228,68,0,0,0,0,592,5923,1,3696,52,312,0
7/1/1990,8299,3846,157,928,348,0,0,771,42,0,6,0,0,592,5911,-1,27,3,212,0
8/1/1990,5763,3707,143,1505,295,0,0,877,40,373,478,0,0,591,5167,42,512,13,299,0
9/1/1990,11721,3739,208,1761,572,0,0,236,19,1391,1,0,0,592,8187,266,191,102,267,0
10/1/1990,8928,4155,101,661,573,0,0,155,9,0,23,0,0,592,6469,9,160,593,-533,0
11/1/1990,6711,4612,53,2658,540,0,0,616,1068,280,1,0,0,1037,5107,886,1108,1043,-98,0
12/1/1990,103985,45948,1767,14214,5726,0,0,4185,2380,2044,653,0,0,7589,71114,2163,13249,4414,-1646,0
1/1/1991,5988,5673,139,614,395,0,0,98,38,0,2,0,0,592,4655,0,41,-23,192,0
2/1/1991,5924,5072,131,540,592,0,0,82,31,0,22,0,0,592,4062,0,164,111,466,0
3/1/1991,17489,5213,172,2456,759,0,0,157,45,0,2,0,0,592,11686,127,2579,607,-1990,0
4/1/1991,9806,4703,176,663,589,0,0,42,718,143,103,0,0,592,6844,109,282,37,80,0
5/1/1991,6225,4376,129,532,690,0,0,322,323,0,2,0,0,592,5596,2,1205,115,-932,0
6/1/1991,12702,6680,165,2951,833,0,0,156,39,0,11,0,0,592,8243,283,145,62,2276,0
7/1/1991,9227,5240,132,904,516,0,0,52,65,0,4,0,0,722,4085,639,102,59,655,0
8/1/1991,5919,5463,142,1216,507,0,0,138,16,309,219,0,0,669,3566,111,76,169,810,0
9/1/1991,12564,5678,165,1079,379,0,0,600,70,0,1,0,0,1317,9185,14,972,361,1226,0
10/1/1991,9238,5282,87,1081,868,0,0,371,132,240,0,0,0,1291,5465,163,1055,2753,-1371,0
11/1/1991,8358,6369,68,5741,369,0,0,1643,1550,967,0,0,0,1638,6895,541,1181,149,31,0
12/1/1991,116256,64391,1628,22046,7214,0,0,4122,3072,1659,399,0,0,9781,74922,1989,7966,4396,1568,0
1/1/1992,7731,5757,152,1127,668,0,0,24,110,384,0,0,0,983,7022,635,128,57,-218,0
2/1/1992,7975,7872,171,1810,676,0,0,0,104,0,2322,0,0,983,5781,238,282,-8296,320,0
3/1/1992,19322,5724,143,920,322,0,0,141,58,0,0,0,0,993,7707,37,511,172,278,0
4/1/1992,7625,5153,136,1060,701,0,0,260,262,339,3,0,0,1406,4708,334,399,50,925,0
5/1/1992,9624,5934,84,1673,367,0,0,366,68,0,0,0,0,2744,5769,358,106,-1904,-428,0
6/1/1992,14245,5632,157,1660,683,0,0,102,600,0,0,0,0,1445,8890,675,164,10,40,0
7/1/1992,10541,5498,210,2056,600,0,0,205,116,0,1,0,0,1462,5722,192,501,108,-18,0
8/1/1992,7592,5069,145,2118,121,0,0,266,234,523,0,0,0,3202,6850,463,521,-72,352,0
9/1/1992,13651,5730,161,1608,465,0,0,261,16,0,0,0,0,1537,6316,328,146,146,155,0
10/1/1992,7868,5986,141,507,273,0,0,127,171,0,0,0,0,2803,5913,1312,658,520,321,0
11/1/1992,12069,8229,257,3956,363,0,0,0,246,458,0,0,0,1635,5163,3130,233,59,269,0
12/1/1992,133904,72870,1931,20069,5889,0,0,1877,2144,1704,2326,0,0,20175,79571,7713,4035,-9150,2201,0
1/1/1993,7318,5026,142,1493,441,0,0,12,29,0,0,0,0,2881,9710,30,279,103,49,0
2/1/1993,10230,6612,165,800,358,0,0,44,18,0,0,0,0,3956,7234,205,810,1975,274,0
3/1/1993,18780,5924,319,1188,498,0,0,196,35,0,0,0,0,3181,6616,24,1061,1274,327,0
4/1/1993,10999,6222,273,2075,458,0,0,4,28,0,0,0,0,2418,5721,19,712,216,115,0
5/1/1993,9382,7030,156,1894,532,0,0,203,66,52,0,0,0,2203,5681,484,32,524,479,0
6/1/1993,13104,7170,223,2473,865,0,0,101,675,429,0,0,0,4272,4205,619,223,782,384,0
7/1/1993,12156,6993,199,1151,200,0,0,103,26,0,0,0,0,2203,7325,127,56,137,60,0
8/1/1993,9204,6817,247,1377,758,0,0,129,34,0,193,0,0,4116,5462,554,404,127,308,0
9/1/1993,14331,7192,149,1474,869,0,0,151,156,0,2,0,0,2192,3665,574,361,1008,321,0
10/1/1993,13832,7673,205,927,748,0,0,11,76,0,0,0,0,2195,8819,49,1597,12,385,0
11/1/1993,10514,10279,152,771,772,0,0,748,364,0,0,0,0,4119,5584,1261,415,594,298,0
12/1/1993,145927,81971,2272,19384,6917,0,0,1707,1551,481,195,0,0,34716,76491,3946,6149,6753,3149,0
1/1/1994,9349,5217,132,1029,888,0,0,2149,6,0,0,0,0,3277,6502,100,148,33,133,0
2/1/1994,13698,7745,268,1796,1051,0,0,7905,9,0,0,0,0,5369,6301,2,50,28,609,0
3/1/1994,25599,7231,199,2422,1555,0,0,316,1,0,0,0,0,3368,5316,395,511,3636,-3490,0
4/1/1994,15144,5701,196,2863,1424,0,0,9,5,0,0,0,0,5377,8843,201,1453,1555,-1368,0
5/1/1994,11905,7159,179,1364,1538,0,0,-10,6,0,0,0,0,3306,7057,753,1357,131,61,0
6/1/1994,17356,5016,169,1702,656,0,0,211,-8,0,0,0,0,3394,5559,194,324,732,212,0
7/1/1994,16317,5758,303,2583,806,0,0,622,14,0,0,0,0,3200,8694,293,909,309,349,0
8/1/1994,11735,5231,191,1034,815,0,0,4918,5,0,0,0,0,5234,5563,605,465,210,594,0
9/1/1994,18164,8019,209,2623,1799,0,0,2726,1,0,0,0,0,3413,5202,150,386,331,1650,0
10/1/1994,17224,9037,143,1149,703,0,0,10692,603,0,0,0,0,3223,6994,397,201,61,1266,0
11/1/1994,13369,8673,119,1278,971,0,0,199,87,0,0,0,0,5379,4474,1280,949,1085,620,0
12/1/1994,187445,81610,2249,21495,12714,0,0,29914,732,0,0,0,0,47215,79123,4401,7021,8291,702,0
1/1/1995,11835,6893,254,714,1206,0,0,9923,9,0,0,0,0,3769,4290,43,183,2,71,0
2/1/1995,12402,8350,278,2758,711,0,0,10017,58,0,0,0,0,6067,6118,27,226,3000,1025,0
3/1/1995,29046,6778,209,1348,404,0,0,299,331,0,0,0,0,4244,5670,53,71,0,266,0
4/1/1995,17880,7505,123,643,555,0,0,35,297,0,0,0,0,5506,9316,596,506,0,426,0
5/1/1995,14165,9007,255,1111,861,0,0,497,24,0,0,0,0,3521,6809,61,496,128,-254,0
6/1/1995,20065,8620,246,1131,615,0,0,66,19,0,0,0,0,4355,6479,31,172,496,251,0
7/1/1995,19467,7335,271,1629,1634,0,0,18,0,0,0,0,0,4722,5675,273,374,447,-235,0
8/1/1995,12248,9544,243,1631,1937,0,0,4,151,0,0,0,0,4340,5272,448,176,0,157,0
9/1/1995,19701,9481,309,956,978,0,0,68,1,0,0,0,0,4359,5777,391,131,20,476,0
10/1/1995,18804,7912,199,261,669,0,0,5,3,0,0,0,0,4359,6900,29,310,0,1042,0
11/1/1995,16342,9364,134,2367,698,0,0,1872,93,0,0,0,0,4359,5265,1657,231,506,398,0
12/1/1995,210195,97601,2721,15885,11001,0,0,22829,988,0,0,0,0,53182,72658,3609,3580,4600,3820,0
1/1/1996,13663,8232,250,351,994,0,0,879,61,0,0,0,0,4716,5613,69,1287,2,35,0
2/1/1996,14915,9380,257,2093,972,0,0,3175,0,0,0,0,0,4716,4929,212,177,0,552,0
3/1/1996,36447,8285,215,5927,815,0,0,23,77,0,0,0,0,4748,6568,86,47,0,296,0
4/1/1996,21426,9445,276,624,821,0,0,9,23,0,0,0,0,4748,7162,117,256,165,107,0
5/1/1996,15151,7773,251,1321,1009,0,0,10,41,0,0,0,0,4806,5363,86,364,442,-244,0
6/1/1996,24676,9743,201,642,1123,0,0,4,69,0,0,0,0,4756,8425,228,98,0,-186,0
7/1/1996,22947,8654,95,1905,1248,0,0,14,0,0,0,0,0,4748,7645,173,187,338,91,0
8/1/1996,15775,8416,288,2853,1614,0,0,13,124,0,0,0,0,4748,6358,166,386,20,329,0
9/1/1996,27578,8790,291,722,381,0,0,147,57,0,0,0,0,4884,6487,539,302,103,-19,0
10/1/1996,24627,11671,124,693,845,0,0,198,20,0,0,0,0,4884,4295,4308,114,14,237,0
11/1/1996,20022,6771,161,1569,1247,0,0,1060,84,0,0,0,0,4886,5244,711,1498,231,-336,0
12/1/1996,260774,104566,2554,24593,11733,0,0,5660,569,0,0,0,0,57356,76522,6695,5862,2015,1161,0
1/1/1997,17405,6604,194,384,1099,0,0,11,1020,0,0,0,0,8160,5131,0,605,3,19,0
2/1/1997,18791,7060,190,2426,1064,0,0,2594,319,0,0,0,0,5772,6809,317,52,0,119,0
3/1/1997,44940,7512,172,770,1425,0,0,5,9,0,0,0,0,5920,6510,112,194,1,-35,0
4/1/1997,19933,6780,134,555,920,0,0,22,1,0,0,0,0,5920,4652,495,363,94,150,0
5/1/1997,24948,7013,206,2027,1511,0,0,64,4,0,0,0,0,6179,5023,431,263,164,-154,0
6/1/1997,28857,7912,191,5604,1251,0,0,65,7,0,0,0,0,5920,5862,291,558,17,44,0
7/1/1997,28984,7566,84,1208,601,0,0,0,9,0,0,0,0,6747,8061,374,360,17,260,0
8/1/1997,21689,9737,449,7562,1267,0,0,1114,43,0,0,0,0,5273,10027,122,764,944,108,0
9/1/1997,29790,8400,304,1925,1605,0,0,14,62,0,0,0,0,8095,8358,209,468,140,198,0
10/1/1997,21857,7735,284,2406,397,0,0,2772,94,0,0,0,0,4765,5158,525,1158,22,163,0
11/1/1997,28902,11992,289,9725,850,0,0,2657,32,0,0,0,0,4375,6114,3207,344,45,459,0
12/1/1997,314697,94800,2668,35352,13160,0,0,9428,1738,0,0,0,0,70968,77971,6083,5892,1579,1381,0
1/1/1998,19304,5462,297,529,1623,23,0,12,240,0,0,0,0,5356,6884,0,308,0,238,0
2/1/1998,21154,6353,269,1659,2412,35,0,9,88,0,0,0,0,4637,9232,26,172,0,-22,0
3/1/1998,46473,5503,289,1310,1948,27,0,1,2,0,0,0,0,5534,8254,99,330,0,19,0
4/1/1998,19760,5469,298,1388,1186,31,0,95,0,0,0,0,0,5861,6437,3,437,0,16,0
5/1/1998,24275,4825,146,970,1414,13,0,18,4,0,0,0,0,4997,7324,12,420,409,-269,0
6/1/1998,34132,8324,275,7741,2418,19,0,0,12,0,0,0,0,8277,8594,4,314,0,166,0
7/1/1998,21545,6741,592,4123,573,27,0,232,1,0,0,0,0,6535,10015,0,452,5,-297,0
8/1/1998,26793,6818,338,1758,1202,19,0,1113,17,0,0,0,0,4630,10273,0,289,4,375,0
9/1/1998,33553,7061,300,1511,1932,11,0,0,24,0,0,0,0,6694,9852,0,362,0,276,0
10/1/1998,26766,6586,301,-1297,1437,0,0,98,8,0,0,0,0,6919,7046,3,558,111,-251,0
11/1/1998,28334,5730,126,2056,3922,0,0,139,0,0,0,0,0,5647,7809,14,1068,209,137,0
12/1/1998,337175,76005,3405,22535,21046,236,0,1717,396,0,0,0,0,72036,99792,161,4739,769,329,0
1/1/1999,18874,5486,275,1402,1529,17,0,0,31,0,0,0,0,6628,7200,0,108,0,115,0
2/1/1999,21994,6100,371,1797,3823,17,0,0,6,0,0,0,0,5636,12242,0,291,10,5895,0
3/1/1999,50000,6145,380,1683,728,15,0,0,47,0,0,0,0,7476,9554,560,1236,128,-236,0
4/1/1999,25767,7738,352,806,2229,0,0,0,0,0,0,0,0,10267,6835,1392,1060,480,-191,0
5/1/1999,24238,7282,386,7520,920,31,0,3352,0,0,0,0,0,7808,8677,650,304,620,1219,0
6/1/1999,31760,7480,641,2190,1581,24,0,0,0,0,0,0,0,9196,6963,99,629,243,1678,0
7/1/1999,25980,7101,290,2128,1112,0,0,0,10,0,0,0,0,5670,8226,2,385,10,115,0
8/1/1999,21888,6976,410,2310,745,6,0,0,3,0,0,0,0,7926,12215,58,188,0,464,0
9/1/1999,30353,7773,285,852,1718,12,0,0,2,0,0,0,0,7774,11993,1,1020,20,-70,0
10/1/1999,24957,7667,149,1479,223,0,0,0,4,0,0,0,0,7562,6283,27,501,0,169,0
11/1/1999,30408,11396,218,2292,316,7,0,831,184,0,0,0,0,6405,9857,3429,687,21,-5624,0
12/1/1999,341319,86497,3870,26180,16021,140,0,4183,292,0,0,0,0,96401,106290,6218,6765,1532,3193,0
1/1/2000,22378,6452,388,1207,355,0,0,0,288,0,0,0,0,9492,6023,888,259,0,-123,23447
2/1/2000,23860,7249,400,3976,3589,0,0,0,277,0,0,0,0,8176,10442,0,264,0,452,33298
3/1/2000,45563,7688,295,1756,1722,0,0,1010,26,0,0,0,0,6504,12849,900,158,0,-192,28811
4/1/2000,29036,8288,428,1829,886,0,0,30,18,0,0,0,0,13382,9625,963,374,0,428,36571
5/1/2000,24365,8564,477,1761,1720,0,0,345,17,0,0,0,0,8369,10415,0,1757,0,365,29926
6/1/2000,32570,8220,381,2428,1758,0,0,500,29,0,0,0,0,10213,11685,165,507,0,416,34915
7/1/2000,31197,8620,329,2188,3107,0,0,0,136,0,0,0,0,9890,8820,203,1007,0,-44,35779
8/1/2000,20424,7514,300,4714,1620,0,0,0,67,0,0,0,0,1139,17711,0,626,0,76,28283
9/1/2000,34126,8821,303,1398,1494,0,0,456,204,0,0,0,0,8343,17691,0,515,0,234,32577
10/1/2000,28005,7616,333,2149,1043,0,0,2030,70,0,0,0,0,6888,13454,95,1984,0,426,37296
11/1/2000,33411,9508,243,6104,470,0,0,275,244,0,0,0,0,9914,13021,372,1331,536,100,44755
12/1/2000,360802,95006,4226,30764,17936,6,0,4646,1376,0,0,0,0,99816,140894,3586,9064,536,2634,392444
1/1/2001,20360,6079,333,1146,2288,0,0,0,85,0,0,0,0,8776,9572,0,362,0,214,23964
2/1/2001,25458,8107,545,3850,2872,0,0,222,13,0,0,0,0,9262,18513,116,844,34,2067,29173
3/1/2001,53592,8125,359,2371,1667,0,0,0,51,0,0,0,0,16173,16290,0,512,0,189,23155
4/1/2001,28439,9255,408,2369,1577,0,0,260,59,0,0,0,0,4580,9780,167,2119,0,394,55574
5/1/2001,23934,7919,451,3330,998,0,0,0,321,0,0,0,0,9424,13850,1870,2001,300,115,28889
6/1/2001,38599,9098,410,5483,335,0,0,27,31,0,0,0,0,9259,15406,10,285,15,373,33399
7/1/2001,28558,8786,479,4626,2134,0,0,273,26,0,0,0,0,10776,12945,290,664,135,1423,35590
8/1/2001,24662,8489,485,4944,1237,0,0,61,540,0,0,0,0,10894,20208,1,607,0,-1309,32642
9/1/2001,37307,8708,731,3249,2670,0,0,30,241,0,0,0,0,10381,17854,185,873,0,358,34452
10/1/2001,34719,7543,238,2807,4678,0,0,0,0,0,0,0,0,10581,13181,103,361,0,-299,37367
11/1/2001,33757,7709,155,10627,2257,0,0,300,24,0,0,0,0,9436,12160,1007,593,0,-136,34164
12/1/2001,388679,96232,4948,46413,24296,0,0,1173,1991,0,0,0,0,118179,174834,3749,9365,484,3944,400200
1/1/2002,35037,6893,412,2176,2778,0,0,4,0,0,0,0,0,11807,15045,0,151,0,500,34776
2/1/2002,24852,6826,409,1769,3964,0,0,41,38,0,0,0,0,11383,12203,6149,864,0,248,28014
3/1/2002,26734,6982,369,4158,1666,0,0,10,2,0,0,0,0,11789,14460,20,524,0,495,37900
4/1/2002,42484,8375,424,2129,2072,0,0,63,60,0,0,0,0,12410,17566,383,2032,540,1038,43394
5/1/2002,30887,7701,582,2422,1348,0,121,22,33,0,0,0,0,11449,13045,1867,1285,45,752,39249
6/1/2002,28711,7624,418,3804,1940,0,48,95,39,0,0,0,0,12453,9324,408,442,0,534,31696
7/1/2002,30248,7864,516,5523,2276,0,4,1,138,0,0,0,0,11142,15994,476,837,100,41,30107
8/1/2002,34176,9212,413,5263,1048,0,66,8,88,0,0,0,0,11381,14406,106,148,250,-455,36626
9/1/2002,32365,8107,631,4510,468,0,43,42,100,0,0,0,0,11982,24693,671,144,0,191,31025
10/1/2002,30465,8233,463,2214,1813,0,193,0,172,0,0,0,0,12100,18472,76,151,500,1250,32098
11/1/2002,40824,8215,158,2836,1180,0,76,101,56,0,0,0,0,11298,15484,399,351,0,472,38429
12/1/2002,37766,10218,778,10390,736,0,92,204,326,0,0,0,0,11346,15169,710,655,51,-2440,45206
1/1/2003,34173,9616,422,4882,1491.973,0,100.027,8,49,0,0,0,0,11541,19141,184,2173,0,363,31288
2/1/2003,27092,8096,440,2584,1959.478,0,175.522,24,95,0,0,0,0,11307,15512,9769,176,0,1160,20236
3/1/2003,28656,9009,528,6015,664.498,0,126.502,9,81,0,0,0,0,11265,25514,359,553,0,-217,34852
4/1/2003,50385,8813,639,3698,2033.856,0,128.144,0,58,0,0,0,0,12281,21943,190,89,159,632,37045
5/1/2003,36868,8186,550,4737,3701.539,0,102.461,46,498,0,0,0,0,10815,17441,182,282,0,96,35769
6/1/2003,32033,9314,530,3427,3103.492,0,59.508,161,147,0,0,0,0,11797,11569,265,396,0,759,28206
7/1/2003,33763,9155,593,5070,2888.047,0,191.953,12,44,0,0,0,0,11729,18537,138,584,0,75,36473
8/1/2003,38436,7857,619,2441,1540.773,0,141.227,8,80,0,0,0,0,12538,15573,398,952,167,548,39117
9/1/2003,29647,8266,535,6814,2957.786,0,47.214,0,23,0,0,0,0,15402,23954,177,841,167,1119,35768
10/1/2003,35277,9141,544,6889,4017.87,0,228.13,0,56,0,0,0,0,12190,24548,175,7867,0,-1895,34439
11/1/2003,42253,9033,309,3502,1508.886,0,151.114,116,31,0,0,0,0,11988,15737,276,202,130,589,36312
12/1/2003,36769,9606,208,6598,3503.474,0,23.526,183,36,0,0,0,0,12649,16939,994,862,2000,2391,48756
1/1/2004,36537,9581,587,4057,1595,0,258.422,9,8,0,499.578,0,0,11892,22953,0,197,0,4150,30057
2/1/2004,28833,8634,619,4418,1590,0,86.606,19,5,0,407.394,0,0,12618,17823,0,340,0,827,31454
3/1/2004,33604,10980,781,7657,1642,0,129.1,0,1,0,71.9,0,0,12782,26039,302,888,0,-452,37587
4/1/2004,53017,10576,715,4721,1489,0,127.545,31,4,0,261.455,0,4911,13330,25965,600,3706,0,-635,40711
5/1/2004,41259,10373,696,3962,1414,0,138.655,58,1,0,1345.345,0,1085,12334,16258,298,287,0,-3627,47464
6/1/2004,35942,10424,769,4441,1486,0,274.961,162,6,0,-127.961,0,1120,12239,11972,145,141,8,454,32305
7/1/2004,38891,10430,692,6571,1478,0,101.506,0,2,0,162.494,0,1016,11829,28495,199,953,0,729,36431
8/1/2004,43128,10081,732,3288,1361,0,135.798,0,8,0,1023.202,0,0,11926,19463,231,52,21,955,38779
9/1/2004,32637,10697,694,6560,1789,0,0,15,31,0,1579,0,0,11865,30067,1882,391,0,6394,34228
10/1/2004,39307,10544,663,6155,2223,0,46.168,45,2,0,868.832,0,722,11789,27640,362,464,0,-5330,31470
11/1/2004,43951,10233,255,4210,1266,0,176.178,0,4,0,425.822,0,0,12025,18488,277,192,9,760,41264
12/1/2004,41071,9918,163,8650,2241,0,106.521,81,2,0,43.479,0,0,12895,15738,2654,6631,6,1451,49738
1/1/2005,42025,10567,670,9003,1645,0,172.2,1,6,0,251.8,0,0,11724,31702,0,191,0,1083,36143
2/1/2005,31669,9216,727,3742,2346,0,66.696,0,0,0,942.304,0,0,12221,25061,0,146,0,547,34285
3/1/2005,35985,11383,734,6715,1512,0,156.452,45,8,0,1725.548,0,0,11984,28760,343,153,0,2768,37669
4/1/2005,62935,12428,641,4742,1583,0,226.855,29,11,0,188.145,0,0,13907,26917,3921,479,0,-56,34277
5/1/2005,48807,12237,724,4296,1458,0,265.391,0,6,0,455.609,0,0,13900,18954,155,907,50,-2492,44405
6/1/2005,38581,12603,880,7438,1634,0,205.396,32,5,0,657.604,0,0,13982,11695,208,38,0,345,35522
7/1/2005,40773,10677,783,7779,1409,0,296.713,88,18,0,4127.287,0,0,12934,31167,225,1383,10,1097,34196
8/1/2005,53915,12098,817,4397,1270,0,180.222,1998,5,0,5137.778,0,0,13169,29282,1937,1434,70,604,31571
9/1/2005,38239,11910,765,5855,1643,0,179.571,19,13,0,717.429,0,0,14986,31750,2486,2949,60,-53,34820
10/1/2005,47496,13627,849,5973,2287,0,313.175,7,6,0,1111.825,0,0,13051,31684,625,540,0,-3802,36636
11/1/2005,50953,13642,287,6081,1289,0,242.231,161,3,0,-105.231,0,0,13943,19404,434,649,0,3583,41829
12/1/2005,43705,11342,475,4576,1159,0,136.461,50,7,0,542.539,0,0,14749,13431,10116,3368,0,-1917,46193
1/1/2006,49498,12981,669,5889,1876,0,307.643,0,5,0,1407.357,0,0,13058,31894,0,1690,0,746,40690
2/1/2006,41719,12588,695,6668,1536,0,186.139,0,7,0,890.861,0,0,13485,36805,0,899,0,730,37329
3/1/2006,43740,16731,808,4787,1667,0,166.622,258,9,0,-92.622,0,0,13370,35123,2171,1032,50,1305,42230
4/1/2006,71368,16324,680,4835,1046,0,110.037,0,2,0,660.963,0,0,13160,24680,711,1421,0,368,37044
5/1/2006,61698,17608,776,4448,1355,0,407.639,25,20,0,3394.361,0,0,12777,15743,315,1438,870,2533,50245
6/1/2006,50368,18500,916,9871,1229,0,513.901,139,3,0,-241.901,0,0,12910,12317,6015,341,23,1754,35285
7/1/2006,48878,16353,905,5006,1054,0,928.047,3,6,0,533.953,0,0,12608,34176,420,709,30,2632,40102
8/1/2006,70720,18232,1152,4955,1364,0,16.921,442,24,0,615.079,0,0,12910,30670,1363,741,0,1632,35871
9/1/2006,42766,16501,699,4293,1177,0,0,223,14,0,415,0,7560,12376,33042,707,977,80,1982,40713
10/1/2006,52063,18877,1045,4013,2318,0,153.294,105,3,0,1278.706,0,0,13093,23329,3216,507,0,1106,44447
11/1/2006,61257,16342,300,4309,1221,0,888.694,23,58,0,1493.306,0,798,20578,15104,2543,510,0,-2658,52682
12/1/2006,58659,17124,317,15372,918,0,574.056,4597,32,0,-390.056,0,0,24388,17225,3203,3545,2508,-11999,64804
1/1/2007,49735,11759,743,6203,1981,0,1259.259,57,0,0,913.741,0,0,18478,32300,0,1419,30,530,49609
2/1/2007,41243,13423,804,4170,1569,0,1300.598,25791,58,0,1256.402,0,0,15767,26464,0,1254,30,-42,35033
3/1/2007,52130,15039,1198,3732,1294,0,585.436,55,11,0,992.564,0,0,17364,30385,1334,3371,52,1303,54590
4/1/2007,75771,17198,757,4570,1290,0,1104.33,0,4,0,460.67,0,0,15986,19970,2287,2384,0,605,47971
5/1/2007,66708,17531,1199,6109,1846,0,562.762,83,2,0,92.238,0,0,17199,14044,2309,86,50,432,61760
6/1/2007,49131,17207,861,8512,1491,0,571.391,24,39,0,-148.391,0,0,14988,6463,2257,2070,80,-302,51350
7/1/2007,58695,20830,806,5354,1673,0,790.155,15169,2,0,653.845,0,0,15395,29862,7347,3453,131,425,45765
8/1/2007,79578,20908,785,8224,3685,0,666.876,998,9,0,2261.124,0,0,15786,33027,4536,479,0,268,49122
9/1/2007,48929,19062,945,8473,1798,0,738.613,216,3,0,725.387,0,0,15259,30174,3705,1016,0,1226,44031
10/1/2007,53518,18748,782,3977,2522,0,759.625,1203,0,0,2189.375,0,0,15259,18624,1624,97,74,627,48872
11/1/2007,72252,20345,463,4961,1597,0,493.347,47000,6,0,1224.653,0,0,15390,13828,2560,3292,0,922,58257
12/1/2007,65915,17389,550,3647,891,0,512.727,23,16,0,3318.273,0,0,16841,12659,2160,8415,3282,3756,70195
1/1/2008,56710,14711,696,4642,1760,0,669.213,6601,27,0,1174.787,0,0,17593,30048,724,751,0,667,51143
2/1/2008,50888,15655,770,8485,1585,0,2547.492,152,7,0,1672.508,0,0,17681,39871,853,346,60,451,41498
3/1/2008,59024,18514,957,3935,1304,0,443.953,0,35,0,550.047,0,0,18680,30323,4122,974,0,1090,48200
4/1/2008,91345,21738,916,4731,2159,0,832.64,115,6,0,187.36,0,0,17612,18730,8300,520,0,436,50670
5/1/2008,77713,21524,903,3511,423,0,882.521,17,7,0,1898.479,0,0,20050,14023,5850,615,100,462,58753
6/1/2008,54088,24885,1385,4158,28,0,791.007,0,4,0,2224.993,0,0,19623,7971,10830,464,200,1027,46680
7/1/2008,63435,25013,829,7199,831,0,1238.747,56,8,0,2807.253,0,0,18637,33250,4009,4270,192,720,55768
8/1/2008,78905,25417,921,8949,1844,0,1163.76,537,5,0,1135.24,0,0,17910,31320,3301,2152,149,3020,59342
9/1/2008,55768,25755,948,2178,1532,0,828.925,153,7,0,2467.075,0,0,17785,29170,6102,659,333,2857,54359
10/1/2008,56945,24982,979,5350,2723,0,1212.452,0,1,0,441.548,0,0,18092,17587,3338,3141,629,1460,57346
11/1/2008,76745,23277,476,4265,1261,0,1065.409,286,15,0,1649.591,0,0,18830,12235,6500,1038,0,7627,67150
12/1/2008,57015,18777,580,6278,959,0,13822.52,23372,3,0,504.48,0,0,20502,7690,4784,6179,28,-5424,88994
1/1/2009,55230,14404,625,5107,1398,0,677.59,268,6,0,750.41,0,0,20502,35532,1,1147,0,106,59232
2/1/2009,47405,13850,1073,11723,1511,0,3955.744,106,2,0,1339.256,0,0,20829,35512,1396,233,0,1330,50658
3/1/2009,52136,14861,1160,3828,2130,0,598.631,114,0,0,1100.369,0,0,21095,35277,4679,846,200,2320,64150
4/1/2009,87076,21615,853,3752,1218,0,850.296,17,0,0,1199.704,0,0,21317,15839,6110,1866,30,-552,64067
5/1/2009,73338,19799,1325,3504,1475,0,4375.48,10,26,0,359.52,0,0,20821,11831,7166,942,0,610,74226
6/1/2009,60427,20282,940,2211,1739,0,2026.287,10,48,0,1866.713,0,0,27892,10752,13478,1947,121,2690,62917
7/1/2009,57606,24154,1011,12586,1617,0,1340.167,139,5,0,-60.167,0,0,18554,38961,5296,3521,0,-772,67468
8/1/2009,67580,18176,1207,3481,1368,0,2122.878,122,0,0,955.122,0,0,26640,19736,2514,1463,100,580,65960
9/1/2009,56237,18255,948,6047,1435,0,15974.852,304,0,0,1494.148,0,0,21574,31843,3050,596,122,3860,67162
10/1/2009,54920,18548,901,4082,2914,0,1881.151,1,1,0,2332.849,0,0,21969,14130,286,1960,153,1116,74512
11/1/2009,69958,17503,419,4178,1272,0,1802.602,0,0,0,1149.398,0,0,21888,10734,1236,2320,570,1629,64347
12/1/2009,68374,18860,575,9413,1176,0,1852.705,299,103,0,888.295,0,0,21564,18719,6736,598,63,-7853,87723
1/1/2010,64606,17605,742,5068,1766,0,1207.025,0,0,0,1270.975,0,0,22521,37602,1,800,0,401,68065
2/1/2010,50975,18076,1158,2977,2304,0,4.851,0,145,0,1059.149,0,0,22193,31399,299,34,0,840,55122
3/1/2010,58311,24900,1016,5777,1631,0,3196.658,0,40,0,1988.342,0,0,25724,39897,6575,2490,449,1447,84144
4/1/2010,91162,22773,915,5149,1634,0,1101.1,95,23,0,1615.9,0,0,22088,15654,4983,1110,0,610,77424
5/1/2010,79049,24119,912,2639,1563,0,0,0,67,0,1368,0,0,26413,11817,7141,2846,20,375,91632
6/1/2010,59366,23249,1327,3495,1579,0,1817.044,51,90,0,1120.956,0,0,25891,10333,6041,183,357,786,83126
7/1/2010,63813,22238,1088,9614,1905,0,2504.469,105,5,0,1635.531,0,0,23144,42760,1831,1803,70,428,65566
8/1/2010,79090,17762,1312,4369,1687,0,1971.639,176,0,0,1438.361,0,0,22149,23264,403,86,1,310,60274
9/1/2010,60958,20232,1034,4357,1746,0,1548.325,14,1,0,2007.675,0,0,22343,31823,1902,319,1,1334,65860
10/1/2010,63565,22577,934,4179,3794,0,1981.526,111,2,0,1359.474,0,0,22297,13985,6902,6282,1,962,58588
11/1/2010,82430,19969,1014,2845,1535,0,2425.493,0,0,0,1316.507,0,0,22443,16441,2238,367,281,699,68584
12/1/2010,69298,25741,327,3846,1676,0,-473.519,362,33,0,2362.519,0,0,22346,19269,8647,4685,969,1066,90828
1/1/2011,74569,20535,916,30981,2053,0,3327.681,585,1,0,2943.319,0,0,25409,35837,1137,1123,0,663,58318
2/1/2011,53418,18583,986,2621,2224,0,843.621,16,0,0,1323.379,0,0,26340,22151,604,3193,0,318,48899
3/1/2011,71562,23500,1583,4529,2656,0,1796.125,69,0,0,1456.875,0,0,24627,32732,8350,2757,0,1441,55376
4/1/2011,103393,22440,949,6247,1675,0,2891.286,5,2,0,732.714,0,0,24450,11432,2528,110,116,3664,69777
5/1/2011,88150,21836,1099,4046,1825,0,2160.767,2,0,0,969.233,0,0,28499,15645,1246,5491,0,4106,74702
6/1/2011,66904,21663,1354,2350,1840,0,2489.278,5,0,0,3533.722,0,0,25869,16705,914,1488,0,2168,60686
7/1/2011,73789,21283,1092,5814,2108,0,830.835,0,30,0,2016.165,0,0,25563,41199,741,1103,188,915,63736
8/1/2011,87928,22152,1028,4504,2431,0,2737.465,21,11,0,3335.535,0,0,24994,20906,3063,2137,0,282,63546
9/1/2011,66547,22615,1486,5779,1896,0,3060.565,22,6,0,2925.435,0,0,24314,25835,878,1708,0,1644,68459
10/1/2011,70504,22843,1018,2623,3790,0,3066.325,5,1,0,88.675,0,0,25628,12657,3756,12630,11028,1093,58404
11/1/2011,92751,25510,977,2725,1818,0,3072.252,0,1,0,1890.748,0,0,26106,16408,4179,13469,1046,705,88835
12/1/2011,74631,22148,324,3336,1732,0,2092.777,200,203,0,5503.223,0,0,33315,27489,6137,8496,511,1056,134666
1/1/2012,85147,21990,895,11052,1962,0,1687.631,0,27,0,3593.369,0,0,23565,50280,32,441.179,0,1244,66735
2/1/2012,68694,22433,1277,20135,2735,0,2352.305,0,11,0,1551.695,0,0,24002,20571,410,1093.574,0,241,62216
3/1/2012,75203,25106,1514,6573,1995,0,2546.659,6,0,0,2487.341,0,0,23439,27638,7795,4096.785,0,1677,79407
4/1/2012,116221,25367,972,4087,1715,0,2737.665,0,1,0,2167.335,0,0,23254,16138,3115,2801.832,0,811,76124
5/1/2012,94551,25230,1593,5039,2214,0,2667.277,0,18,0,90.723,0,0,28550,16362,621,3520.263,900,3904,97405
6/1/2012,81343,23299,1081,3337,2185,0,3311.387,0,9,0,710.613,0,0,26578,19021,5285,820.187,0,3742.275,71468
7/1/2012,83517,24391,1091,7681,2539,0,2611.423,35,1,0,1442.577,0,0,25522,51289,2849,1228.868,0,2254,79415
8/1/2012,96756,22632,1058,2970,2100,0,1942.411,0,11,0,1938.589,0,0,23915,19816,577,1367.426,0,578,80632
9/1/2012,71036,23208,1173,4181,2234,0,1697.466,448,0,0,1331.534,0,0,24613,24134,1076,3096.337,0,7580.343,77643
10/1/2012,86105,26934,1723,6298,4463,0,2837.191,0,0,0,5959.809,0,0,25899,21440,2730,2014.825,143,5907,87850
11/1/2012,110767,23749,726,8607,1875,0,2447.038,7793,13,0,-669.038,0,0,24209,15648,2652,6190.345,127,817.394,117139
12/1/2012,88576,25527,196,4120,1776,0,2232.179,66,8,0,3855.821,0,0,24776,30461.988,10936,15965.425,20170,-1335.434,141128
1/1/2013,94718,24540,1181,9350,2871,0,2006.674,0,0,0,3701.326,0,0,26006,54841,153,287,93,-9918,86437
2/1/2013,74519,22471,1166,6962,2595,0,2080.355,9,27,0,2518.645,0,0,25954,17920,795,1822,36,287,77283
3/1/2013,74825,21805,1501,8594,2054,0,2219.753,0,0,0,2610.247,0,0,28328,25575,409.447,2059,97,1515,90823.553
4/1/2013,148989,27137,1164,6275,2607,0,2439.329,48,54,0,1296.671,0,0,25529,23681,10409.85,1064,9,610,91904.15
5/1/2013,111899,25925,1154,9418,2326,0,2163.612,0,0,0,1153.388,0,0,29623,16700,1127.42,1006,98,3331,115317.58
6/1/2013,88761,23253,1307,8934,1723,0,2582.893,222,5,0,4301.107,0,0,28463,18418,560.14,6978,0,734,84386.86
7/1/2013,100098,27674,1389,7945,2841,0,2080.34,72,0,0,2522.66,0,0,25842,53510,1358.3,18750,156,2536,95691.7
8/1/2013,118110,26086,1532,3427,2444,0,248.866,0,0,0,3291.134,0,0,25223,18230,676,1791,0,835,86483
9/1/2013,86034,25733,1091,7219,2142,0,2136.752,0,42,0,2938.248,0,0,25812,29214,1951,1643,92,2268,84972
10/1/2013,95587,27863,1238,3592,5047,0,1906.122,0,10,0,-934.122,0,0,25831,20484,2067,507,76,1012,95569
11/1/2013,126462,28254,618,3783,2139,0,2062.671,2459,0,0,-781.671,0,0,26680,18116,2272,3167,7,12802,100952
12/1/2013,96659,24184,771,5514,1752,0,2160.482,126,183,0,18878.518,0,0,23964,26745,1233,27255,10815,614,112200
1/1/2014,104151,29773,1168,7531,2726,0,414.512,0,20,0,3038.488,0,0,28160,56465,30,667,0,2938,94780
2/1/2014,78378,27416,1308,5614,2001,0,102.649,1315,44,0,4107.351,0,0,28617,15865,0,191,110,-1441,86662
3/1/2014,82176,29313,1711,7812,3479,0,2516.638,0,16,0,2279.362,0,0,28327,30799,30,369,28,3412,106524
4/1/2014,156111,30764,1084,30829,2465,0,2190.083,16,8,0,981.917,0,0,28218,13398,10485,253,135,712,90396
5/1/2014,128273,28809,1217,4103,3503,0,2036.36,380,1,0,3911.64,0,0,30496,23594,2720,1737,101,344,101460
6/1/2014,94120,27327,1350,7050,2671,0,2085.609,1,0,0,4035.391,0,0,30264,19620,626,46323,59,493,103741
7/1/2014,119942,30460,1238,7506,2471,0,2240.184,144,38,0,2690.816,0,0,29223,48224,263,6628,202,484,83468
8/1/2014,127565,29061,1794,5263,2564,0,2300.089,0,6,0,1426.911,0,0,28216,20598,763,3075,32,310,87121
9/1/2014,105708,32866,1238,5581,2028,0,2185.087,41,41,0,4877.913,0,0,28337,28830,1014,2965,565,1163,96890
10/1/2014,101801,34160,1446,4881,3279,0,2256.413,2,2,0,4435.587,0,0,27199,16767,967,1430,206,1008,107216
11/1/2014,121889,24691,1005,3408,4051,0,1953.603,4,13,0,1206.397,0,0,28538,18099,682,2685,52,3771,97570
12/1/2014,114648,44637,388,3866,1533,0,2002.325,43,44,0,5871.675,0,0,28640,28926,11952,14117,258,201,135256
1/1/2015,121134,29381,1050,8928,1736,0,2211.71,142,51,0,2018.29,0,0,32489,51391,0,145,0,850,88249
2/1/2015,88891,27194,1420,4377,3710,0,1833.998,0,38,0,5308.002,0,0,32286,18902,493,685,15,217,89847
3/1/2015,97063,35717,1813,24569,2596,0,1455.498,42,26,0,7824.502,0,0,32291,30321,6239,2862,131,1151,115483
4/1/2015,160777,28136,1206,11579,3265,0,1614.933,0,2,0,2524.067,0,0,32277,15677,888,785,146,436,106296
5/1/2015,128454,26699,1771,10952,4091,0,679.886,60071,1,0,9806.114,0,0,32277,20626,1313,4546,0,342,116084
6/1/2015,109550,31522,1253,6630,2562,0,310.9,2351,0,0,9397.1,0,0,32277,19205,199,34947,25,-337,149933
7/1/2015,118193,30033,1152,14185,2358,0,1257.79,126,2,0,11167.21,0,0,32277,53078,334,2318,0,267,122398
8/1/2015,138529,26895,1691,2683,3231,0,1073.532,0,0,0,2553.468,0,0,32277,16457,487,8802,19,162,103412
9/1/2015,112268,32651,1270,7952,2987,0,694.706,15,23,0,6251.294,0,0,32277,30094,508,729,0,1404,121240
10/1/2015,115761,32490,1076,5585,5520,0,1044.813,0,3,0,1535.187,0,0,32277,16144,1547,6480,176,4404,129009
11/1/2015,136368,29061,530,3101,2188,0,1045.495,9,10,0,5138.505,0,0,32277,15992,416,3707,25,380,118625
12/1/2015,106314,37755,407,9494,2161,0,1097.357,27,8,0,6249.643,0,0,32277,21477,5397,12007,230,420,166849
1/1/2016,129652,31083,1161,7930,3362,0,1393.796,0,5,0,7639.204,0,0,40501,45594.453,160,1697,3029,31,94688
2/1/2016,94837,27035,2064,5834,2953,0,1047.33,0,12,0,5169.67,0,0,42204,21280,219,2658,6,706,106504.87
3/1/2016,105683,32383,1437,11150,2636,0,943.548,40,3,0,3524.452,0,0,39020,35749,345,3889,5138,2767,145280
4/1/2016,177656,32712,1397,27972,3675,0,988.974,60,2,0,2170.026,0,0,35849,14765,1177,4825,199,215,134581
5/1/2016,151575,32070,1432,5728,3136,0,1448.579,0,5,0,4364.421,0,0,35725,18658,967,7478,17,152,154418
6/1/2016,124018,35268,1473,5084,2583,0,889.505,345,1,0,5923.495,0,0,36877,17666,2479,16050,60,220,147427
7/1/2016,117448,30987,1528,9061,3816,0,1343.179,76,12,0,5978.821,0,0,35801,40020,104,35258,0,32,109702
8/1/2016,157468,33069,1438,5818,2536,0,1190.769,24,0,0,8025.231,0,0,36290,23442,901,7402,7,-1148,110068
9/1/2016,112996,33326,1450,7708,3854,0,1166.296,1,0,0,5458.704,0,0,35977,32602,693,3119,41,741,168114
10/1/2016,121893,33365,2120,4858,4374,0,872.434,17,13,0,7129.566,0,0,38987,16054,879,1514,11,763,118779
11/1/2016,156772,40227,759,4188,4394,0,1041.93,0,7,0,1823.07,0,0,36177,19551,5379,14234,16,172,152828
12/1/2016,117216,34840,552,6406,2500,0,1100.065,94,18,0,2599.935,0,0,36368,19073,2491,5066,3157,10647,206753
1/1/2017,147393,35943,1327,8005,3344,0,1025,8,2,0,3267,0,0,40844,42353.453,124,1266,0,-278,113783
2/1/2017,105862,30854,2261,5342,3345,0,967,4,6,0,3197,0,0,40792,24230,651,9993,0,-823,100719
3/1/2017,117149,37333,1831,9584,3284,0,1502,30,2,0,9522,0,0,40773,31272,968,8407,0,-634,160922
4/1/2017,187670,31142,1265,7123,2113,0,422,5,11,0,6125,0,0,49670,13483,1074,2150,48,115,116539
5/1/2017,158694,39592,2450,17977,4186,0,1289,196,6,0,3861,0,0,46519,20966,1436,4097,6,160,188488
6/1/2017,131245,35417,1475,4691,2847,0,1012,8,4,0,3145,0,0,55084,19273,484,32306,3186,132,160252
7/1/2017,138080,34994,1582,8467,2762,0,1773,16,0,0,6947,0,0,42712,44626,568,16867,22,3,140335
8/1/2017,171654,38289,2268,6192,3870,0,1623.53,256,8,0,6247.47,0,0,43690,26370,281,6085,15,2,125157
9/1/2017,141431,40261,1462,7300,3748,0,1539,1,0,0,4349,0,0,41871,26397,813,2454,4,-4136,169580
10/1/2017,142542,42915,1036,7581,3357,0,2129,289,0,0,5219,0,0,41595,20434,413,10275,144,2195,151812
11/1/2017,179355,46366,2533,4287,5339,0,1827,4,0,0,3781,0,0,41839,20583,615,5961,1280,3151,178686
12/1/2017,151246,45078,683,13356,2576,0,1500,13,0,0,8640,0,0,44761,20553.82,904,31227,653,-4124,236265
1/1/2018,175612,40831,1627,8080,3657,0,1772.893,17.13,0,0,7301,0,0,43305,43516,1441,922,0,20,139503
2/1/2018,116641,43716,2525,5870,5380,0,1601.576,9,0,0,2792,0,0,59162,26097,354,9126,31,-1078,136512
3/1/2018,130827,45251,1632,8816,3333,0,1579.667,0,0,0,10921,0,0,46272,27549,2584,35240,2000,817,198591
4/1/2018,232618,46794,1535,14215,3878,0,1775.26,209,0,0,6534,0,0,58836,23172,2513,3874,18,25,172805
5/1/2018,172032,52747,2114,21378,3580,0,2124.986,117,0,0,4899,0,0,48657,21111,574,3832,0,1412,216279
6/1/2018,136780,50049,1406,7789,2951,0,1765.118,14029,22,0,9408,0,0,46427,24065,744,14750,538,174,191789
7/1/2018,163999,52144,1557,11757,4369,0,2265.949,23,0,0,5628,0,0,46356,44841,1524,32470,484,1322,201129
8/1/2018,185091,52012,2517,5413,4924,0,1988.729,628,0,0,4301,0,0,45939,28301,2272,5037,6,3067,174840
9/1/2018,130573,51075,1589,7190,4788,0,2245.649,362,0,0,4528,0,0,47868,32675,1982,19583,770,1078,194642
10/1/2018,164792,55953,1628,8371,6287,0,2454.002,29,0,0,7248,0,0,44601,24015,831,1551,25,-1316,236920
11/1/2018,192048,47902,2278,4725,5913,0,2354.166,14,0,0,4468,0,0,44059,24660,690,8086,90,990,220245
12/1/2018,150837,54637,503,10595,3669,0,2588.189,218,29,0,9133,0,0,44168,29213,6083,2181,23,-1636,233219
1/1/2019,185088,48376,1952,9608,5785,0,2464,0,0,0,3469,0,0,0,45916,1281,795,0,-406,164619
2/1/2019,135720,44200,2380,9181,3245,0,2092,11.35,4,0,5252,0,0,97328,25302,1283,2769,20,3252,148504
3/1/2019,147411,49294,1564,12046,4493,0,2213,16,29,0,11852,0,0,52173,36552,1423,5740,22,698,190719
4/1/2019,235461,51674,1562,10454,4102,0,2274,23,8,0,3118,0,0,47967,23536,2908,5115,51,135,142092
5/1/2019,204838,58168,2482,35666,3439,0,2317,198,6,0,10122,0,0,47957,19669,2289,5239,75,14963,224480
6/1/2019,157829,51298,1423,10681,3318,0,2487,14,91,0,6745,0,0,50293,29096,2396,7040,409,170,186320
7/1/2019,180341,54644,1796,14360,5290,0,2754,20,1,0,4888,0,0,49166,50965,603,38288,163,-1308,201513
8/1/2019,205587,53593,2540,5913,4881,0,2467,17,0,0,4747,0,0,53670,19611,4143,31808,86,3197,169718
9/1/2019,150475,58802,1657,10701,5045,0,2119,8,6,0,7715,0,0,59812,43094,5742,60275,854,-4788,250096
10/1/2019,178122,57652,1844,10612,7326,0,1802,184,45,0,3966,0,0,53847,20724,851,7238,55,1208,226892
11/1/2019,232059,50414,2032,5495,3465,0,1872,-143,0,0,9555,0,0,51999,17287,1713,11815,29,-237,283026
12/1/2019,162575,52195,1461,11805,5009,0,1705,534,69,0,7933,0,0,53784,29122,2683,25402,1558,180,381660
1/1/2020,194889,55879,3399,28391,6118,0,2035,103,2,0,3822,0,0,54975,61415,532,0,0,-203,154874
2/1/2020,142216,44787,1772,5853,5715,0,1989,24,42,0,4437,0,0,67325,15352,1163,10488,0,4024,146078
3/1/2020,131687,44648,1015,76968,1756,0,1822,0,0,0,3703,0,0,65325,43115,276,11952,0,994,211546
4/1/2020,90505,34425,1418,58338,154,0,716,195,0,0,2025,0,0,96795,21880.17,43,34416,0,173,308350
5/1/2020,114434,30761,913,2389,0,0,439,0,0,0,2557,0,0,62382,18353,3752,29799,474,5594,233275
6/1/2020,282666,42591,1359,11306,224,0,1903,0,1,0,10927,0,0,62417,27561,685,42033,79,311,216125
7/1/2020,158991,49816,1323,7648,4149,0,2464,0,78,0,9999,0,0,67054,59384,3813,17934,232,1,226258
8/1/2020,187932,44380,1081,2052,758,0,2028,34,102,0,4865,0,0,64213,22549,5838,4988,19,4710,180989
9/1/2020,140605,50753,1322,8630,1452,0,1926,5,0.83,0,7721,0,0,66247,43365,3637,7153,561,915,229062
10/1/2020,152072,50592,2225,6905,1018,0,1398,15,4,0,13977,0,0,67011,22070,1432,6311,112,-328,192960
11/1/2020,191672,43712,1195,2824,470,0,1282,5,10,0,4602,0,0,63072,20035,2706,22783,10093,9,255352
12/1/2020,163354,45343,1505,8373,1293,0,1076,94,1,0,17509,0,0,67730,25333,9192,41161,1240,5914,390568
1/1/2021,182150,47270,1727,18660,6785,0,1224,0,0,0,2916,0,0,64119,47024,0,11,0,0,163638
2/1/2021,154141,47185,1395,4560,2563,0,1153,7,91,0,8467,0,0,72280,31166,6670,7570,45297,18.54,172530
3/1/2021,133367,54727,1406,16121,5371,0,1529,2,9,0,3629,0,0,70474,47666,30,3838,39,5669,279887
4/1/2021,219045,51781,2156,9043,1262,0,1517,0,105,0,7011,0,0,91942,23819,2690,23836,52,-3999,198006
5/1/2021,183711,48617,2005,12423,2784,0,2182,23.52,0,0,4669,0,0,76503,28933,3100,44687,18,4807,298673
6/1/2021,159364,52166,1974,20824,3106,0,2400,191,44,0,5499,0,0,73180,29925,3124,8340,552,295,280014
7/1/2021,170833,57169,2364,13616,2262,0,2026,7,48,0,7746,0,0,66621,59026,3667,6079,18,-197,242043
8/1/2021,186077,53359,5333,4679,1253,0,2031,7,3,0,6510,0,0,81710,23932,5174,50354,216,4754,214048
9/1/2021,154228,57562,1687,5606,972,0,1931,4,9,0,9446,0,0,66906,47857,5127,9160,523,677,282111
10/1/2021,162115,55532,1561,8977,2508,0,1823,5,4,0,20564,0,0,65099,31536,2533,5206,218,669,212118
11/1/2021,210746,57919,1465,6085,2407,0,1493,14,14,0,3871,0,0,67208,31221,524,12330,149,4557,296726
12/1/2021,162368,60276,886,4738,417,0,486,61,27,0,2051,0,0,96656,27327,4070,21356,438,626,418842
1/1/2022,195775,58346,1544,11117,5662,0,1199,0,2,0,4430,0,0,79922,65551,3382,2869,0,1,149732
2/1/2022,136607,59433,1704,4224,2614,0,2370,4,59,0,5387,0,0,93367,28230,1936,12688,47,13,181921
3/1/2022,170384,70778,2078,33403,3823,0,2191,4,5,0,11217,0,0,94067,55548,1310,10717,449,724,318734
4/1/2022,239604,65669,1588,25695,3212,0,1551,12,115,0,10503,0,0,85507,37303,5612,5117,47,1437,207990
5/1/2022,216618,66288,1596,8917,3226,0,2255,45,343,0,5627,0,0,88982,33831,4421,7968,9,5292,311197
6/1/2022,173540,76201,1908,20755,4068,0,2410,8,81,0,11297,0,0,89478,36752,2080,13386,143,4100,359852
7/1/2022,197390,83596,2080,13389,3837,0,2616,8,316,0,5400,0,0,86406,52091,1341,30321,40,7850,217346
8/1/2022,228938,78884,2165,4907,3369,0,2347,0,14,0,11816,0,0,109491,30773,3611,15536,106,13,244946
9/1/2022,173629,79273,2247,7304,6579,0,2664,8,1,0,17109,0,0,95830,59897,4281,23652,81,613,284220
10/1/2022,186759,75055,1890,13218,3212,0,1838,33,5,0,6863,0,0,86490,33185,1277,39917,28,6461,220576
11/1/2022,237143,75724,1294,5279,3399,0,2716,11,112,0,5383,0,0,86233,26092,7085,6169,9,553,328849
12/1/2022,179287,73173,1646,6556,3360,0,1745,1513,55,0,858,0,0,107511,43605,3448,32070,10199,148,449578
1/1/2023,234819,70591,2632,17753,5395,0,2514,0,10.25,0,14453,0,0,73754,46970,723,1112,0,0,179859
2/1/2023,129378,62895,2369,6398,3823,0,2077,22,0,0,4906,0,0,73834,34109,783,9401,11,12,200091
3/1/2023,140962,80343,3081,14873,4630,0,1653,6,0,0,13102,0,0,83271,60898,2790,10795,106,628,310423
4/1/2023,336020,67553,1838,18271,3601,0,370,8.81,21,0,13014,0,0,74110,46253,3173,8957,12,5068,236326
5/1/2023,213273,77926,2849,24942,4545,0,1182,12,16,0,8692,0,0,74940,41344,1836,7376,38,45,330089
6/1/2023,164736,74125,2311,10753,4452,0,1316,3,158,0,9461,0,0,81486,52884,3821,26055,12,6440,322015
7/1/2023,273134,73058,2689,50829,4641,0,1932,11,79,0,5356,0,0,76795,63550,1514,33238,12,4246,280188
8/1/2023,213536,75000,3190,6271,5260,0,2125,22,34,0,5115,0,0,75469,42668,2126,18929,3,-1000,305361
9/1/2023,152171,78897,2465,7946,7129,0,1375,459,243,0,4723,0,0,80923,71448,3555,21264,85,2212,326862
10/1/2023,274429,77926,2410,16785,4474,0,1735,146,0,0,7903,0,0,75358,58983,2332,9189,97,1994,272257
11/1/2023,210242,73687,2135,41497,4363,0,1322,24,1,0,7124,0,0,80236,48548,4969,6734,33,4005,289124
12/1/2023,174286,71213,1119,11320,3962,0,173,151,87,0,-2233,0,0,75878,60678,4076,10485,100,3159,506658
1/1/2024,308435,73397,3338,16735,5310,0,992,187,1,0,13406,0,0,78364,74221,0,0,0,0,181265
2/1/2024,137988,70560,2763,6498,4203,0,674,44,0,0,1286,0,0,101522,47827,1587,12715,9,0,225033
3/1/2024,145346,74895,3644,49080,4433,0,505,3,0,0,10017,0,0,80025,70944,4811,6872,224,-451,321416
4/1/2024,378521,80742,2517,64010,5496,0,292,159,0,0,5459,0,0,79054,67496,6911,27720,0,1558,311729
5/1/2024,219228,81301,3379,20162,4682,0,1117,6,211,0,52003,0,0,81338,61097,1015,9740,0,45,403765
6/1/2024,172503,74623,2190,7421,5305,0,1460,12,88,0,32922,0,0,83886,55643,6098,10159,20,85,349713
7/1/2024,319814,80355,2663,19914,5136,0,965,18,1,0,28508,0,0,86190,79432,4313,10719,85,-1143,306623
8/1/2024,238120,78521,3577,16485,7777,0,1104,2684,160,0,37909,0,0,82515,52781,2098,9100,1,0,294048
9/1/2024,174679,76282,2488,9921,7930,0,785,6,3,0,27559,0,0,82505,73852,7155,18217,381,3115,387694
10/1/2024,325536,86885,2435,14519,4695,0,1168,146,0,0,37740,0,0,84378,55388,928,11968,22,3053,311047
11/1/2024,247594,72441,2346,7942,4324,0,1390,18,1,0,2256,0,0,101495,66653,8318,12232,30,44,362513
12/1/2024,183839,66672,1076,50668,5924,0,247,10,1,0,6237,0,0,82811,57979,7868,9321,251,625,485320
