Unnamed: 3,Inflation,Population,GDP,Imports,Exports,Agriculture,Industry,Services,USDPHP,Nominal GDP,Imports_PHPMN,Exports_PHPMN,TotalTrade,TotalTrade_PHPMN,NominalGDP_disagg,Pop_disagg
1991-01-01,18.7,,,950.41,635.57,,,,28.0,,26611.48,17795.96,1585.98,44407.44,97705.478878192,62289650.878052495
1991-02-01,20.2,,,1094.81,662.65,,,,28.0,,30654.68,18554.2,1757.46,49208.880000000005,110051.39092143672,62437046.12725619
1991-03-01,21.1,,1243019.24,1076.87,742.13,18.29,31.98,49.73,28.0,325283.0,30152.36,20779.64,1819.0,50932.0,117526.13020037132,62571041.80835046
1991-04-01,20.6,,,896.52,709.7,,,,27.9261,,25036.30717,19819.15317,1606.22,44855.460340000005,109726.66470467729,62691637.921335295
1991-05-01,20.8,,,983.15,688.51,,,,27.8186,,27349.85659,19153.38429,1671.66,46503.24088,115504.2560437799,62798834.466210715
1991-06-01,20.6,,1276754.84,937.91,767.7,16.58,31.93,51.49,27.7955,341433.0,26069.67741,21338.60535,1705.61,47408.28276,116202.07925154283,62892631.4429767
1991-07-01,19.9,,,1025.69,793.5,,,,27.621,,28330.58349,21917.2635,1819.19,50247.846990000005,117719.3092667841,62973028.851633266
1991-08-01,21.2,,,967.43,741.2,,,,27.1995,,26313.61229,20160.2694,1708.63,46473.88169,109829.46048705323,63040026.692180395
1991-09-01,20.9,,1257010.37,988.48,764.46,14.7,33.82,51.48,26.9834,344791.0,26672.55123,20627.72996,1752.94,47300.28119,117242.23024616273,63093624.96461811
1991-10-01,19.0,,,1023.15,756.88,,,,26.9946,,27619.52499,20431.67285,1780.03,48051.19784,129655.02098898182,63133823.668946385
1991-11-01,17.3,,,1110.04,751.08,,,,26.7366,,29678.69546,20081.32553,1861.12,49760.02099,140477.89609850876,63160622.805165246
1991-12-01,13.2,62854666.0,1462844.73,996.9,826.13,18.78,32.42,48.8,26.6683,411450.0,26585.62827,22031.48268,1823.03,48617.11095,141317.08291250948,63174022.37327467
1992-01-01,10.9,,,1037.69,662.37,,,,26.5446,,27545.06597,17582.3467,1700.06,45127.41267,136347.85270787403,63004203.309920534
1992-02-01,9.1,,,1032.51,714.9,,,,26.158,,27008.39658,18700.3542,1747.41,45708.75078,137765.52892577703,62965193.576897785
1992-03-01,8.7,,1244652.42,1164.81,898.46,18.11,32.58,49.3,25.8102,362800.0,30063.97906,23189.43229,2063.27,53253.41135,128415.55034078597,62929730.183240734
1992-04-01,8.4,,,1196.81,666.45,,,,25.6672,,30718.76163,17105.90544,1863.26,47824.66707,120089.56207426838,62897813.12894941
1992-05-01,8.9,,,1186.29,811.71,,,,26.1496,,31021.00898,21225.89182,1998.0,52246.9008,124258.70112222571,62869442.41402376
1992-06-01,8.8,,1262124.78,1088.95,835.57,16.14,31.87,51.99,26.1205,368201.0,28443.91848,21825.50619,1924.52,50269.42467,122945.23534464304,62844618.03846383
1992-07-01,9.0,,,1166.41,851.13,,,,25.2616,,29465.38286,21500.90561,2017.54,50966.28847,123516.41475405986,62823340.00226961
1992-08-01,8.4,,,1399.19,913.09,,,,24.6691,,34516.75803,22525.10852,2312.28,57041.86655,126594.58614585172,62805608.30544109
1992-09-01,8.0,,1233097.82,1335.7,873.34,14.39,34.05,51.56,24.726,370452.0,33026.5182,21594.20484,2209.04,54620.72304,122506.57286418616,62791422.94797827
1992-10-01,8.0,,,1330.79,860.36,,,,24.7849,,32983.49707,21323.93656,2191.15,54307.43363,123051.78298752318,62780783.92988116
1992-11-01,8.0,,,1255.04,824.14,,,,24.9361,,31295.80294,20550.83745,2079.18,51846.64039,121974.11068550518,62773691.25114975
1992-12-01,7.4,64382249.0,1476888.94,1324.72,912.8,19.52,30.72,49.77,25.3221,440072.0,33544.69231,23114.01288,2237.52,56658.70518999999,156574.32408156685,64702019.130951755
1993-01-01,7.4,,,1183.58,790.44,,,,25.2801,,29921.02076,19982.40224,1974.02,49903.422999999995,145693.65667732008,64532024.64824454
1993-02-01,7.3,,,1181.68,842.71,,,,25.3116,,29910.21149,21330.33844,2024.39,51240.54993,147833.07506133022,64492952.74000682
1993-03-01,6.8,,1271890.91,1390.57,842.46,18.85,31.29,49.87,25.3656,387781.0,35272.64239,21369.50338,2233.0299999999997,56642.14577,134920.69444223263,64457432.8234271
1993-04-01,6.8,,,1504.0,861.73,,,,26.078,,39221.312,22472.19494,2365.73,61693.50694,133452.05707193082,64425464.898505345
1993-05-01,6.0,,,1460.29,932.14,,,,27.0064,,39437.17586,25173.7457,2392.43,64610.92156,130253.32563577716,64397048.96524156
1993-06-01,6.2,,1259193.14,1335.13,914.44,16.18,31.92,51.9,27.2063,397727.0,36323.94732,24878.52897,2249.57,61202.47629,126778.589388354,64372185.02363575
1993-07-01,6.1,,,1553.48,998.17,,,,27.5688,,42827.57942,27518.3491,2551.65,70345.92852,136284.8794734484,64350873.07368791
1993-08-01,6.3,,,1512.67,994.5,,,,27.9489,,42277.46256,27795.18105,2507.17,70072.64361,131622.91055375643,64333113.11539805
1993-09-01,6.7,,1237813.31,1565.59,1018.3,13.78,34.52,51.7,28.2337,407532.0,44202.39838,28750.37671,2583.89,72952.77509,137141.993679887,64318905.14876616
1993-10-01,6.9,,,1654.69,1012.52,,,,29.16,,48250.7604,29525.0832,2667.21,77775.8436,138872.99626479796,64308249.17379224
1993-11-01,6.9,,,1682.74,1163.36,,,,28.4849,,47932.68063,33138.19326,2846.1,81070.87389,137209.1184599416,64301145.19047628
1993-12-01,7.4,65926125.0,1469653.32,1572.98,1004.05,19.35,30.86,49.79,27.7939,489381.0,43719.24882,27906.4653,2577.0299999999997,71625.71412,155667.9513219506,66250194.23925967
1994-01-01,12.8,,,1650.56,951.62,,,,27.7245,,45760.95072,26383.18869,2602.18,72144.13941,161488.54291467206,66077917.45547218
1994-02-01,13.9,,,1349.04,927.01,,,,27.6463,,37295.96455,25628.39656,2276.05,62924.36111,157754.58052557494,66038319.423609875
1994-03-01,13.4,,1283261.21,1599.52,1057.67,18.0,32.07,49.93,27.5872,446077.0,44126.27814,29178.15382,2657.19,73304.43196,156677.89376817763,66002321.212825984
1994-04-01,13.6,,,1775.99,965.79,,,,27.5298,,48892.6495,26588.00554,2741.7799999999997,75480.65504,152008.01446450155,65969922.82312047
1994-05-01,13.5,,,1810.36,1083.86,,,,27.053,,48975.66908,29321.66458,2894.22,78297.33366,149761.68674142932,65941124.25449334
1994-06-01,13.0,,1291695.47,2041.89,1125.27,16.36,31.89,51.75,26.9756,462046.0,55081.20788,30354.83341,3167.16,85436.04129,162592.74674657147,65915925.5069446
1994-07-01,12.6,,,1768.46,1217.56,,,,26.4608,,46794.86637,32217.61165,2986.02,79012.47802000001,152616.48866088522,65894326.580474265
1994-08-01,12.5,,,1728.14,1178.01,,,,26.3132,,45472.89345,30997.21273,2906.15,76470.10618,152705.6549134409,65876327.47508228
1994-09-01,11.7,,1270449.96,1967.95,1239.74,14.43,34.19,51.38,25.9113,469787.0,50992.14284,32123.27506,3207.69,83115.4179,165557.3359125698,65861928.19076873
1994-10-01,11.3,,,1886.76,1299.34,,,,25.3945,,47913.32682,32996.08963,3186.1,80909.41645,157738.1375267428,65851128.72753356
1994-11-01,11.0,,,1860.74,1128.46,,,,24.2648,,45150.48395,27381.85621,2989.2,72532.34016,151166.62441605038,65843929.08537678
1994-12-01,10.8,67530621.0,1507443.46,1893.13,1308.55,18.29,31.97,49.74,24.145,554751.0,45709.62385,31594.93975,3201.6800000000003,77304.56360000001,192738.05441457537,67869607.68136708
1995-01-01,6.1,,,1855.58,1160.75,,,,24.6223,,45688.64743,28580.33473,3016.33,74268.98216,185454.24447013193,67689400.94505422
1995-02-01,5.6,,,1615.89,1263.77,,,,25.0282,,40442.8181,31629.88831,2879.66,72072.70641,183510.07559328523,67647980.08982265
1995-03-01,6.0,,1328938.79,2142.54,1298.58,17.59,32.59,49.82,25.859,495093.0,55403.94186,33579.98022,3441.12,88983.92207999999,180134.38682075188,67610324.7668849
1995-04-01,6.0,,,2229.56,1377.42,,,,26.0077,,57985.72761,35823.52613,3606.98,93809.25374,171433.0424294793,67576434.97624093
1995-05-01,6.2,,,2143.63,1400.58,,,,25.8493,,55411.33496,36204.01259,3544.21,91615.34755,162402.45185499647,67546310.7178907
1995-06-01,6.5,,1352499.4,2328.66,1521.69,15.47,32.57,51.96,25.6742,514116.0,59786.48257,39068.1734,3850.35,98854.65597,175294.73245841492,67519951.99183428
1995-07-01,6.3,,,2175.49,1592.69,,,,25.514,,55505.45186,40635.89266,3768.18,96141.34452,170895.5257745655,67497358.79807162
1995-08-01,6.8,,,2273.59,1591.45,,,,25.7109,,58456.04513,40917.61181,3865.04,99373.65694,173313.16894323516,67478531.13660273
1995-09-01,8.0,,1336681.0,2444.22,1594.97,14.39,34.59,51.02,25.9692,537781.0,63474.43802,41420.09492,4039.19,104894.53294,189068.08904174904,67463469.00742762
1995-10-01,8.2,,,2342.36,1601.65,,,,25.9654,,60820.31434,41587.48291,3944.01,102407.79725,180512.6226284592,67452172.41054632
1995-11-01,8.4,,,2414.72,1422.63,,,,26.1671,,63186.21971,37226.10147,3837.35,100412.32118,177800.35544658097,67444641.34595874
1995-12-01,8.2,69019291.0,1568846.69,2571.39,1621.01,17.14,32.66,50.2,26.206,629594.0,67385.84634,42480.18806,4192.4,109866.0344,226018.30633543356,69323664.44393851
1996-01-01,9.5,,,2236.09,1420.45,,,,26.2116,,58611.49664,37232.26722,3656.54,95843.76386,206688.1409277941,69161858.26389505
1996-02-01,9.3,,,2359.58,1594.01,,,,26.1588,,61723.7813,41697.38879,3953.59,103421.17009,215039.21304465647,69124666.80374853
1996-03-01,9.5,,1392448.47,2760.47,1670.6,17.04,32.82,50.14,26.1957,573212.0,72312.44398,43762.53642,4431.07,116074.9804,207370.3365650852,69090856.38543348
1996-04-01,9.4,,,2811.15,1491.87,,,,26.1897,,73623.17516,39071.62774,4303.02,112694.8029,193529.055440014,69060427.00894998
1996-05-01,9.2,,,2712.35,1612.18,,,,26.1759,,70998.20237,42200.26246,4324.53,113198.46483,190807.75654880423,69033378.67429797
1996-06-01,8.9,,1409521.45,2750.55,1793.39,15.57,32.62,51.82,26.1944,596298.0,72049.00692,46976.77502,4543.9400000000005,119025.78194,205532.0369723252,69009711.38147745
1996-07-01,8.7,,,2838.7,1693.69,,,,26.1995,,74372.52065,44373.83116,4532.389999999999,118746.35181,200327.62099564393,68989425.13048843
1996-08-01,8.2,,,2799.68,1773.89,,,,26.1994,,73349.93619,46474.85367,4573.57,119824.78986,199007.81011089217,68972519.92133091
1996-09-01,6.7,,1417167.31,2870.06,1875.57,14.0,34.87,51.13,26.2356,614449.0,75297.74614,49206.70429,4745.63,124504.45043,210802.36626589292,68958995.75400491
1996-10-01,6.7,,,2858.51,1883.71,,,,26.2693,,75091.05674,49483.7431,4742.22,124574.79984,206330.30226340424,68948852.6285104
1996-11-01,6.6,,,2711.55,1849.91,,,,26.2658,,71221.02999,48589.36608,4561.46,119810.39607,201671.2025016226,68942090.5448474
1996-12-01,7.4,70546246.0,1626238.39,2718.24,1883.27,16.67,32.74,50.6,26.2925,697344.0,71469.3252,49515.87648,4601.51,120985.20168,236855.16254716495,70869918.95483412
1997-01-01,5.4,,,2837.89,1692.26,,,,26.3173,,74685.6025,44535.7141,4530.15,119221.3166,232686.03294897388,70697853.07616931
1997-02-01,5.2,,,2626.54,1812.42,,,,26.3411,,69185.95279,47741.13646,4438.96,116927.08925,231052.1586200381,70658303.40412515
1997-03-01,5.5,,1464530.75,2935.16,2001.02,16.67,32.77,50.56,26.3319,636625.0,77288.3396,52690.65854,4936.18,129978.99814,222005.43876065427,70622349.15681224
1997-04-01,5.2,,,2942.08,2082.43,,,,26.3642,,77565.58554,54901.60101,5024.51,132467.18654999998,215944.60944223337,70589990.33423069
1997-05-01,5.0,,,2954.37,1982.88,,,,26.3721,,77912.94108,52292.70965,4937.25,130205.65073,210076.03931168735,70561226.93638033
1997-06-01,5.6,,1503061.59,3032.34,2129.08,15.27,33.08,51.66,26.3761,665182.0,79981.30307,56156.82699,5161.42,136138.13006,226843.54143421893,70536058.96326134
1997-07-01,5.6,,,3169.2,2067.14,,,,27.6679,,87685.10868,57193.42281,5236.34,144878.53149,227428.72858995615,70514486.41487361
1997-08-01,5.4,,,3327.94,2257.97,,,,29.3305,,97610.14417,66227.38909,5585.91,163837.53326,230157.9029851655,70496509.29121718
1997-09-01,5.7,,1503253.17,2956.48,2337.47,13.28,35.36,51.36,32.3945,678133.0,95773.69136,75721.17192,5293.95,171494.86328,236545.7549433804,70482127.592292
1997-10-01,5.9,,,3413.8,2326.05,,,,34.4639,,117652.8618,80164.7546,5739.85,197817.6164,238218.3488051464,70471341.31809814
1997-11-01,6.7,,,2945.29,2308.43,,,,34.5178,,101664.9312,79681.92505,5253.719999999999,181346.85625,215761.8585798345,70464150.46863556
1997-12-01,6.5,72190242.0,1717089.46,2792.73,2230.56,16.65,32.97,50.38,37.1706,793435.0,103807.4497,82911.25354,5023.29,186718.70324,261401.1419929275,72539791.5759089
1998-01-01,6.6,,,2837.9,2114.81,,,,42.661,,121067.6519,90219.90941,4952.71,211287.56131,274067.7822613035,72353969.57876417
1998-02-01,7.7,,,2585.23,2227.2,,,,40.4143,,104480.2608,90010.72896,4812.43,194490.98976,254158.4648001375,72311258.03647783
1998-03-01,8.2,,1539321.16,2613.6,2474.18,15.65,32.73,51.62,39.004,705979.0,101940.8544,96502.91672,5087.78,198443.77112,220115.28524050524,72272429.36167203
1998-04-01,8.7,,,2457.46,2284.5,,,,38.4422,,94470.16881,87821.2059,4741.96,182291.37471,224460.76034127403,72237483.55434683
1998-05-01,9.8,,,2624.02,2414.74,,,,39.2971,,103116.3763,94892.27925,5038.76,198008.65555,244736.84864952145,72206420.61450227
1998-06-01,10.2,,1593749.81,2260.74,2389.57,13.34,32.55,54.1,40.3991,738060.0,91331.86133,96536.47739,4650.3099999999995,187868.33872,252654.9202660402,72179240.54213834
1998-07-01,10.1,,,2465.59,2501.37,,,,41.7805,,103013.583,104508.4893,4966.96,207522.0723,255099.0625444014,72155943.33725484
1998-08-01,10.1,,,2508.47,2652.45,,,,43.0375,,107958.2776,114154.8169,5160.92,222113.0945,249765.65084379248,72136528.99985196
1998-09-01,10.2,,1573879.49,2454.45,2786.32,13.06,34.2,52.74,43.7759,748152.0,107445.7578,121973.6657,5240.77,229419.4235,252379.0110644281,72120997.5299297
1998-10-01,10.0,,,2417.41,2542.3,,,,42.8882,,103678.3636,109034.6709,4959.71,212713.0345,244375.61114802456,72109348.92748794
1998-11-01,10.6,,,2373.4,2585.82,,,,39.9435,,94801.9029,103286.7012,4959.22,198088.6041,245171.479347434,72101583.19252683
1998-12-01,10.0,73908810.0,1801916.29,2061.61,2523.08,15.79,31.84,52.37,39.0733,854030.0,80553.90601,98585.06176,4584.6900000000005,179138.96777,280781.063377094,74271251.45820643
1999-01-01,10.7,,,2399.85,2580.78,,,,38.4043,,92164.55936,99113.04935,4980.63,191277.60871,287490.84995340207,74078576.08323343
1999-02-01,9.3,,,2256.56,2569.33,,,,38.7799,,87509.17114,99638.36047,4825.889999999999,187147.53161,283003.5980821289,74034289.27891156
1999-03-01,7.9,,1567553.34,2656.3,2702.33,16.49,30.51,53.0,38.9108,767405.0,103358.758,105149.8222,5358.63,208508.5802,259035.40850252315,73994028.54770991
1999-04-01,7.4,,,2599.21,2345.95,,,,38.2417,,99398.20906,89713.11612,4945.16,189111.32518,251663.69363132952,73957793.88962841
1999-05-01,6.1,,,2533.48,2746.9,,,,37.8385,,95863.08298,103938.5757,5280.38,199801.65868,259939.31474779468,73925585.30466715
1999-06-01,5.3,,1580092.87,2670.94,2857.2,14.55,30.8,54.65,37.8993,810836.0,101226.7563,108285.88,5528.139999999999,209512.6363,284553.6399704532,73897402.79282597
1999-07-01,5.1,,,2791.64,2851.06,,,,38.2798,,106863.4209,109138.0066,5642.7,216001.4275,276107.95358199626,73873246.3541049
1999-08-01,4.8,,,2661.46,3211.54,,,,39.261,,104491.5811,126088.2719,5873.0,230579.853,273248.6628410468,73853115.9885041
1999-09-01,4.9,,1579892.32,2555.3,3693.28,13.7,33.07,53.24,40.1738,825523.0,102656.1111,148373.0921,6248.58,251029.2032,285037.8397633859,73837011.69602343
1999-10-01,5.1,,,2612.62,3459.67,,,,40.315,,105327.7753,139476.5961,6072.29,244804.3714,276602.8152946107,73824933.47666304
1999-11-01,3.9,,,2351.64,3075.37,,,,40.3409,,94867.27408,124063.1936,5427.01,218930.46768,268202.28806992224,73816881.33042265
1999-12-01,3.9,75791024.0,1747866.75,2653.47,2943.51,16.66,30.83,52.51,40.6232,943824.0,107792.4425,119574.7954,5596.98,227367.2379,321935.8917340673,76193376.93149878
2000-01-01,5.5,,,2900.85,2716.57,,,,40.4266,,117271.5026,109821.6888,5617.42,227093.1914,317082.1826995746,75979484.45261037
2000-02-01,5.6,,,2775.14,2902.31,,,,40.5717,,112592.1475,117751.6506,5677.45,230343.7981,315180.7230903704,75930320.85627726
2000-03-01,5.9,,1581132.24,2908.07,2988.52,15.88,31.69,52.43,40.9381,850396.0,119050.8605,122344.3306,5896.59,241395.1911,280534.3349325976,75885626.67779274
2000-04-01,6.2,,,2728.17,2667.59,,,,41.1884,,112368.9572,109873.764,5395.76,222242.7212,278697.8598824872,75845401.91715652
2000-05-01,6.5,,,2641.93,2930.83,,,,41.8063,,110449.3182,122527.1582,5572.76,232976.4764,287294.1600474296,75809646.57436873
2000-06-01,6.1,,1634431.66,2730.33,3410.27,14.74,31.56,53.7,42.6489,904732.0,116445.5711,145444.2642,6140.6,261889.8353,325848.8980825689,75778360.64942954
2000-07-01,6.5,,,2855.65,3219.4,,,,44.3557,,126664.3547,142798.7406,6075.05,269463.0953,309763.0885711471,75751544.1423387
2000-08-01,6.8,,,2842.45,3529.46,,,,44.8977,,127619.4674,158464.6362,6371.91,286084.10360000003,303756.05443283095,75729197.0530963
2000-09-01,6.5,,1639984.85,3294.23,3502.01,13.44,33.41,53.15,45.7367,913644.0,150667.2092,160170.3808,6796.24,310837.59,311214.27742095967,75711319.3817025
2000-10-01,6.9,,,3276.14,3398.14,,,,48.1061,,157602.3185,163471.2627,6674.28,321073.5812,308591.7960544421,75697911.1281571
2000-11-01,7.8,,,2919.8,3316.78,,,,49.7537,,145270.8533,165022.0771,6236.58,310292.93039999995,301739.7565530838,75688972.29246019
2000-12-01,8.7,77753257.0,1836552.8,2618.1,3496.37,16.74,31.3,51.96,49.8962,1028784.0,130633.2412,174455.5768,6114.469999999999,305088.818,343755.8169456572,78166228.21844915
2001-01-01,5.8,,,3031.16,2889.0,,,,50.9693,,154496.1034,147250.3077,5920.16,301746.4111,343024.60410470766,77946691.01439627
2001-02-01,5.8,,,2482.11,2805.47,,,,48.2897,,119860.3473,135475.3047,5287.58,255335.652,333947.4307197519,77896229.96716242
2001-03-01,5.8,,1653296.01,3037.4,2869.64,15.83,31.24,52.92,48.4673,925936.0,147214.577,139083.7028,5907.04,286298.2798,308409.32012376195,77850356.28785896
2001-04-01,5.5,,,3105.06,2245.69,,,,50.1854,,155828.6781,112700.8509,5350.75,268529.529,305287.8859705274,77809069.97648594
2001-05-01,5.5,,,2939.86,2599.97,,,,50.5389,,148577.2906,131399.6238,5539.83,279976.9144,312130.934300795,77772371.0330432
2001-06-01,5.9,,1729789.41,2856.88,2578.16,14.93,31.19,53.87,51.4881,990210.0,147095.3231,132744.5599,5435.04,279839.88300000003,338837.013984592,77740259.4575308
2001-07-01,6.0,,,2873.16,2594.45,,,,53.2242,,152921.6425,138087.5257,5467.61,291009.16819999996,335304.00050491584,77712735.24994871
2001-08-01,5.7,,,2893.64,2620.76,,,,51.9877,,150433.6882,136247.2847,5514.4,286680.9729,328243.39901061595,77689798.41029698
2001-09-01,5.7,,1709412.9,2752.0,2731.02,13.57,32.76,53.67,51.2499,996766.0,141039.7248,139964.5019,5483.02,281004.2267,325063.7044279315,77671448.9385757
2001-10-01,5.2,,,2540.95,2940.77,,,,51.7333,,131451.7286,152135.7366,5481.719999999999,283587.4652,331320.8763438762,77657686.83478467
2001-11-01,4.2,,,2216.8,2629.79,,,,51.9899,,115251.2103,136722.5191,4846.59,251973.7294,325731.6315526648,77648512.098924
2001-12-01,3.7,79625397.0,1892884.91,2328.14,2645.47,16.93,30.65,52.43,51.7889,1111487.0,120571.8096,137005.9813,4973.61,257577.7909,377204.26258550806,80011705.35909028
2002-01-01,3.3,,,2225.79,2631.44,,,,51.4097,,114427.1962,135281.541,4857.23,249708.7372,371690.1610322017,79806342.24110968
2002-02-01,2.9,,,2543.97,2627.87,,,,51.2817,,130459.1063,134761.641,5171.84,265220.7473,373859.24595118815,79759139.13473326
2002-03-01,3.3,,1693208.84,3435.73,2849.06,15.95,31.3,52.75,51.0661,1006579.0,175449.3318,145490.3829,6284.79,320939.7147,348616.9004446616,79716227.21984552
2002-04-01,3.4,,,3881.24,2748.8,,,,50.9872,,197893.5601,140153.6154,6630.04,338047.1755,341696.4944980508,79677606.49644664
2002-05-01,3.2,,,3302.52,2918.06,,,,49.8383,,164591.9825,145431.1497,6220.58,310023.1322,329515.8519950856,79643276.96453647
2002-06-01,2.6,,1786322.12,3353.37,2936.41,14.42,31.7,53.88,50.4065,1073992.0,169031.6449,148014.1507,6289.78,317045.7956,355842.3192555383,79613238.62411515
2002-07-01,2.5,,,3520.29,3222.74,,,,50.5963,,178113.6489,163058.7199,6743.03,341172.3688,362309.82071090455,79587491.47518265
2002-08-01,2.7,,,3857.01,3032.17,,,,51.7931,,199766.5046,157045.484,6889.18,356811.9886,360289.94429311634,79566035.51773879
2002-09-01,2.5,,1762583.28,3536.52,3191.39,13.53,32.33,54.14,52.1292,1059697.0,184355.9584,166364.6076,6727.91,350720.566,348095.5042263949,79548870.75178373
2002-10-01,2.3,,,3247.17,3033.18,,,,52.907,,171798.0232,160476.4543,6280.35,332274.47750000004,349425.1041111583,79535997.17731741
2002-11-01,2.1,,,3436.5,3103.28,,,,53.3082,,183193.6293,165430.2709,6539.780000000001,348623.90020000003,357284.02695910016,79527414.79433984
2002-12-01,2.1,81401488.0,1956269.5,2896.4,2913.75,17.24,30.49,52.27,53.5195,1210291.0,155013.8798,155942.4431,5810.15,310956.3229,405878.79294721666,81769426.69104786
2003-01-01,1.7,,,3142.49,2732.85,,,,53.5635,,168322.7631,146381.011,5875.34,314703.77410000004,405701.5371828608,81573828.96440998
2003-02-01,2.3,,,3021.44,2787.82,,,,54.0748,,163383.7637,150750.8089,5809.26,314134.5726,403331.26899881463,81528870.45195523
2003-03-01,2.1,,1758846.78,3694.22,3128.98,16.16,31.31,52.54,54.5909,1091333.0,201670.7946,170813.8343,6823.2,372484.6289,370718.6202146353,81487999.0769964
2003-04-01,2.2,,,3432.72,2726.21,,,,52.8068,,181270.9585,143962.4262,6158.93,325233.3847,359818.41030989506,81451214.83953334
2003-05-01,2.2,,,3609.65,2827.66,,,,52.5072,,189532.6145,148472.5092,6437.3099999999995,338005.1237,366942.3413369891,81418517.73956619
2003-06-01,2.8,,1851704.77,3175.46,3060.47,14.12,31.81,54.06,53.3992,1147383.0,169567.0236,163426.6496,6235.93,332993.67319999996,389000.87101433496,81389907.77709487
2003-07-01,2.3,,,3491.62,3009.49,,,,53.7138,,187548.1784,161651.144,6501.11,349199.3224,387459.9866594148,81365384.95211962
2003-08-01,2.2,,,3360.19,3003.21,,,,54.9914,,184781.5524,165150.7224,6363.4,349932.2748,381971.4631955158,81344949.26464006
2003-09-01,2.2,,1809766.98,3265.38,3353.95,13.44,32.54,54.02,55.0235,1152553.0,179672.6364,184546.0678,6619.33,364218.7042,384552.7765558149,81328600.71465641
2003-10-01,2.3,,,3401.22,3339.92,,,,54.952,,186903.8414,183535.2838,6741.139999999999,370439.1252,386035.64067558985,81316339.30216888
2003-11-01,2.4,,,3545.75,3085.49,,,,55.3718,,196334.5599,170849.1352,6631.24,367183.6951,383711.8455893503,81308165.02717716
2003-12-01,2.5,83068889.0,2045575.49,3330.38,3175.14,17.13,30.07,52.8,55.4451,1326540.0,184653.2521,176045.9548,6505.52,360699.2069,450280.3243208868,83412915.79019547
2004-01-01,3.1,,,3481.4,2849.37,,,,55.5261,,193308.5645,158214.4036,6330.77,351522.9681,444122.56487152446,83230029.72873533
2004-02-01,2.9,,,3313.65,3004.81,,,,56.0696,,185795.03,168478.4948,6318.46,354273.5248,442733.0571133584,83187993.01689123
2004-03-01,3.1,,1840078.74,3921.99,3361.75,16.01,30.87,53.11,56.3029,1223639.0,220819.4108,189276.2741,7283.74,410095.6849,416020.8839991401,83149777.82430589
2004-04-01,3.2,,,3764.8,2982.49,,,,55.9039,,210467.0027,166732.8227,6747.29,377199.8254,406290.5030475337,83115384.15097919
2004-05-01,3.6,,,3584.0,3267.55,,,,55.8453,,200149.5552,182477.31,6851.55,382626.8652,409468.7954278514,83084811.99691081
2004-06-01,4.1,,1932975.62,3778.07,3317.93,13.72,31.05,55.23,55.9848,1306195.0,211514.4933,185753.6475,7096.0,397268.1408,447687.33996719896,83058061.36210105
2004-07-01,5.5,,,3760.77,3108.88,,,,55.9527,,210425.2356,173950.23,6869.65,384375.4656,437765.57815422275,83035132.24654992
2004-08-01,5.7,,,3687.63,3430.06,,,,55.8342,,205895.8709,191514.6561,7117.6900000000005,397410.527,437514.4045027104,83016024.65025714
2004-09-01,6.2,,1909700.66,3816.87,3641.43,13.71,30.72,55.57,56.2132,1299857.0,214558.4767,204696.4329,7458.299999999999,419254.9096,439005.5754712564,83000738.57322316
2004-10-01,6.3,,,4007.92,3753.43,,,,56.3414,,225811.8239,211473.501,7761.35,437285.3249,438297.1877144664,82989274.01544747
2004-11-01,6.8,,,3657.58,3685.41,,,,56.3221,,206002.5865,207570.0306,7342.99,413572.6171,428793.79712686234,82981630.97693038
2004-12-01,7.1,84731835.0,2162922.41,3264.51,3277.42,16.57,30.41,53.02,56.1828,1494213.0,183409.3124,184134.6324,6541.93,367543.9448,488293.8364899572,85081012.91701297
2005-01-01,7.3,,,3501.4,3294.32,,,,55.7662,,195259.7727,183711.708,6795.72,378971.4807,498525.0723076557,84895388.4952772
2005-02-01,7.3,,,3211.23,3000.16,,,,54.8128,,176016.5077,164447.17,6211.389999999999,340463.6777,492232.6606229702,84852722.36607425
2005-03-01,7.1,,1972127.63,3832.01,3267.57,15.17,30.76,54.07,54.4402,1354481.0,208615.3908,177887.1643,7099.58,386502.5551,453695.1112763856,84813934.97588977
2005-04-01,7.2,,,4112.56,3245.7,,,,54.4918,,224100.797,176864.0353,7358.26,400964.8323,455376.49256653787,84779026.32472414
2005-05-01,7.3,,,3798.0,3304.99,,,,54.3411,,206387.4978,179596.7921,7102.99,385984.2899,448272.4020983619,84747996.41257654
2005-06-01,6.7,,2077811.69,4210.26,3358.57,13.43,31.39,55.18,55.179,1456794.0,232317.9365,185322.534,7568.83,417640.47050000005,499968.37268115,84720845.23944765
2005-07-01,6.0,,,3832.99,3503.07,,,,56.0062,,214671.2045,196193.639,7336.06,410864.8435,489185.9065666147,84697572.80533668
2005-08-01,6.1,,,4238.87,3512.64,,,,55.9523,,237174.5259,196540.2871,7751.51,433714.813,489833.9027026897,84678179.11024469
2005-09-01,6.0,,2029118.99,4337.2,3674.93,13.72,30.7,55.58,56.1562,1443454.0,243560.6706,206370.1041,8012.129999999999,449930.7747,486109.5268672507,84662664.15417124
2005-10-01,6.2,,,4159.12,3634.53,,,,55.7077,,231695.0092,202471.3069,7793.65,434166.3161,480506.03182324365,84651027.9371159
2005-11-01,6.2,,,3975.17,3631.01,,,,54.5606,,216887.6603,198110.0842,7606.18,414997.7445,477946.6034836072,84643270.45907861
2005-12-01,5.9,86394504.0,2282019.6,4209.38,3827.18,16.8,30.33,52.87,53.6118,1662553.0,225672.4387,205182.0087,8036.56,430854.4474,573883.1907915229,86742244.84489986
2006-01-01,5.9,,,3707.18,3532.75,,,,52.6171,,195061.0608,185883.06,7239.93,380944.1208,552123.9769037494,86557384.37663046
2006-02-01,6.5,,,3415.25,3448.3,,,,51.8168,,176967.3262,178679.8714,6863.55,355647.1976,550602.1345572972,86514893.8435965
2006-03-01,6.6,,2071139.87,4226.6,4173.6,15.45,30.43,54.12,51.2189,1496799.0,216481.8027,213767.201,8400.2,430249.0037,516668.1446085824,86476266.08629301
2006-04-01,6.3,,,4416.68,3917.88,,,,51.3597,,226839.3598,201221.1414,8334.560000000001,428060.5012,504028.16467823216,86441501.10471952
2006-05-01,6.0,,,4447.84,3885.12,,,,52.1273,,231853.89,202520.8158,8332.96,434374.7058,499600.4533344755,86410598.89887667
2006-06-01,5.9,,2195368.69,4534.0,4055.14,13.76,30.52,55.73,53.1567,1626437.0,241012.4778,215557.8604,8589.14,456570.3382,557223.689050821,86383559.46876405
2006-07-01,5.5,,,4412.45,4016.28,,,,52.3976,,231201.7901,210443.4329,8428.73,441645.223,544129.6247304382,86360382.8143818
2006-08-01,5.2,,,4883.66,4273.8,,,,51.3618,,250833.5682,219510.0608,9157.46,470343.629,548491.9903507521,86341068.93572974
2006-09-01,4.9,,2117984.7,4355.48,4178.4,13.78,30.4,55.82,50.4012,1588797.0,219521.4186,210596.3741,8533.88,430117.7927,510983.1415782708,86325617.83280829
2006-10-01,4.7,,,4686.41,4207.34,,,,50.0038,,234338.3084,210382.9879,8893.75,444721.2963000001,528353.3305342221,86314029.5056175
2006-11-01,4.2,,,4509.66,4031.03,,,,49.8434,,224776.7872,200920.2407,8540.69,425697.0279,526025.2114857963,86306303.95415644
2006-12-01,4.1,88015962.0,2389831.35,4178.47,3690.46,15.82,29.99,54.19,49.467,1838384.0,206696.3755,182555.9848,7868.93,389252.3603,613568.6923824267,88353172.87673515
2007-01-01,3.8,,,3904.16,3991.85,,,,48.9143,,190969.2535,195258.5485,7896.01,386227.802,614003.6425876257,88173910.18299975
2007-02-01,2.9,,,3690.14,3721.35,,,,48.3814,,178534.1394,180044.1229,7411.49,358578.26229999994,607730.2957212131,88132706.3091737
2007-03-01,2.6,,2164381.22,4566.52,4487.33,15.14,30.05,54.81,48.5172,1651799.0,221554.7641,217712.6871,9053.85,439267.4512,566249.1305788992,88095248.24205916
2007-04-01,2.6,,,4342.8,4124.05,,,,47.8224,,207683.1187,197221.9687,8466.85,404905.0874,549342.0165872063,88061535.98165654
2007-05-01,2.7,,,4296.14,4127.86,,,,46.8141,,201119.9276,193242.0508,8424.0,394361.9784,549112.8526504546,88031569.52796449
2007-06-01,2.6,,2325314.09,4706.54,4147.42,13.46,30.7,55.84,46.1602,1783015.0,217254.8277,191445.7367,8853.96,408700.5644,609126.3071788505,88005348.88098475
2007-07-01,2.9,,,5041.56,4248.79,,,,45.6251,,230021.6792,193851.4686,9290.35,423873.1478,602752.1723740022,87982874.04071581
2007-08-01,2.7,,,4986.61,4121.45,,,,46.0737,,229751.5732,189890.4509,9108.06,419642.0241,592274.8298993537,87964145.00715889
2007-09-01,2.9,,2217592.68,4743.8,4389.38,13.65,29.56,56.8,46.1315,1736724.0,218838.6097,202488.6835,9133.18,421327.2932,568471.8746424483,87949161.78031294
2007-10-01,2.9,,,5150.65,4659.53,,,,44.3803,,228587.3922,206791.3393,9810.18,435378.7315,580023.1496408656,87937924.36017865
2007-11-01,3.1,,,5084.21,3964.81,,,,43.2176,,219727.3541,171349.5727,9049.02,391076.9268,569800.5110722738,87930432.74675551
2007-12-01,3.7,89508986.0,2533516.29,5000.63,4481.9,15.9,29.24,54.86,41.7429,2026706.0,208740.798,187087.5035,9482.53,395828.3015,691065.7705386366,89814982.31564844
2008-01-01,4.6,,,4995.76,4230.56,,,,40.9381,,204516.9225,173191.0883,9226.32,377708.0108,678211.5655928394,89652313.41140716
2008-02-01,5.1,,,4491.46,4112.01,,,,40.6711,,182672.6188,167239.9699,8603.470000000001,349912.58869999996,670260.9739970766,89614923.65190929
2008-03-01,5.9,,2297796.87,5123.01,4200.13,15.21,29.46,55.33,41.2524,1795699.0,211336.4577,173265.4428,9323.14,384601.9005,590873.6941253281,89580932.96145695
2008-04-01,7.3,,,4856.96,4327.48,,,,41.8196,,203116.1244,180973.4826,9184.44,384089.607,597782.2836129968,89550341.34004934
2008-05-01,8.2,,,4775.68,4225.38,,,,42.902,,204886.2234,181277.2528,9001.060000000001,386163.4762,599803.2772153032,89523148.78768761
2008-06-01,9.4,,2484417.02,5322.25,4527.02,13.28,30.49,56.22,44.2806,2020177.0,235672.4234,200459.1618,9849.27,436131.5852,714781.6423875894,89499355.30437052
2008-07-01,10.2,,,5882.36,4437.23,,,,44.9563,,264449.1409,199481.443,10319.59,463930.5839,691365.3897625771,89478960.89009953
2008-08-01,10.5,,,5044.11,4394.5,,,,44.8769,,226364.0201,197211.5371,9438.61,423575.5572,660522.143276759,89461965.54487348
2008-09-01,10.1,,2362773.26,4891.09,4445.62,13.47,30.68,55.85,46.6922,1998449.0,228375.7525,207575.7782,9336.71,435951.5307,648942.3880138776,89448369.26869209
2008-10-01,9.7,,,4577.74,3990.06,,,,48.0252,,219846.879,191623.4295,8567.8,411470.3085,657838.5760006201,89438172.06155649
2008-11-01,9.1,,,3484.68,3512.97,,,,49.1862,,171398.1674,172789.645,6997.65,344187.8124,655166.1039490487,89431373.92346562
2008-12-01,7.8,91075184.0,2698252.11,3300.96,2674.58,15.7,30.13,54.17,48.0942,2235875.0,158757.0304,128631.7854,5975.54,287388.8158,744086.7050694299,91408816.716762
2009-01-01,7.1,,,3269.94,2512.96,,,,47.2072,,154364.7116,118629.8053,5782.9,272994.51690000005,746225.714049256,91231456.18763596
2009-02-01,7.2,,,3058.78,2506.32,,,,47.5846,,145550.8228,119262.2347,5565.1,264813.0575,745307.5202349888,91190689.52999195
2009-03-01,6.6,,2393607.29,3269.83,2906.75,15.25,28.87,55.89,48.458,1899600.0,158449.4221,140855.2915,6176.58,299304.7136,618414.8025567944,91153628.9321336
2009-04-01,5.6,,,3057.23,2803.77,,,,48.2165,,147408.9303,135187.9762,5861.0,282596.90650000004,628853.747409955,91120274.39406164
2009-05-01,4.3,,,3616.59,3088.03,,,,47.5242,,171875.5465,146756.1553,6704.620000000001,318631.70180000004,640881.7327429379,91090625.91577494
2009-06-01,3.2,,2602999.34,4106.94,3406.91,13.26,29.72,57.02,47.9053,2075281.0,196744.1928,163209.0456,7513.849999999999,359953.23840000003,726080.182171491,91064683.49727432
2009-07-01,2.2,,,4025.96,3313.36,,,,48.146,,193833.8702,159525.0306,7339.32,353358.9008,702190.0278212167,91042447.13855912
2009-08-01,1.7,,,3617.29,3472.89,,,,48.1607,,174211.2185,167256.8134,7090.18,341468.0319,688467.6912667815,91023916.83963037
2009-09-01,2.3,,2491195.64,3669.91,3637.64,13.16,28.75,58.09,48.1394,2036219.0,176667.2655,175113.807,7307.549999999999,351781.0725,668990.896536462,91009092.60048746
2009-10-01,2.9,,,3808.29,3748.09,,,,46.8513,,178423.3373,175602.889,7556.38,354026.2263,678495.5507537948,90997974.4211297
2009-11-01,3.5,,,3654.51,3717.83,,,,47.0324,,171880.3761,174858.4677,7372.34,346738.84380000003,678422.9513656124,90990562.30155784
2009-12-01,4.4,92699095.0,2783075.26,3936.26,3321.24,15.13,29.93,54.94,46.4211,2379322.0,182725.5191,154175.6142,7257.5,336901.1333,812613.342799568,93040690.36077692
2010-01-01,3.9,,,4310.26,3579.44,,,,46.0276,,198390.9232,164753.0325,7889.700000000001,363143.9557,805399.6616377699,92859096.85722706
2010-02-01,3.9,,,3906.25,3570.23,,,,46.3116,,180904.6875,165343.0637,7476.48,346247.7512,788779.6058744824,92817357.242298
2010-03-01,3.9,,2420350.06,4555.82,4181.8,14.14,29.78,56.09,45.7425,2151614.0,208394.5964,191285.9865,8737.619999999999,399680.5829,705388.4743195157,92779412.1378168
2010-04-01,4.0,,,4568.36,3611.61,,,,44.6266,,203870.3744,161173.8748,8179.969999999999,365044.2492,711122.3221572486,92745261.54378358
2010-05-01,3.9,,,4811.76,4241.42,,,,45.5971,,219402.3019,193396.4519,9053.18,412798.75379999995,727242.1094554905,92714905.46019882
2010-06-01,3.6,,2652251.49,4224.95,4556.73,11.85,31.14,57.01,46.3027,2352847.0,195626.5924,210988.9022,8781.68,406615.4946,805896.5420047971,92688343.88706204
2010-07-01,3.7,,,4687.77,4505.19,,,,46.3203,,217138.9127,208681.7524,9192.96,425820.6651,795674.413271443,92665576.82437298
2010-08-01,4.1,,,4461.16,4774.45,,,,45.1825,,201566.3617,215721.5871,9235.61,417287.9488,781602.5554162341,92646604.27213256
2010-09-01,3.8,,2514310.8,4597.22,5340.85,12.44,29.05,58.51,44.3137,2269768.0,203719.8279,236672.8246,9938.07,440392.6525,747221.5048669874,92631426.23034036
2010-10-01,3.2,,,4904.46,4788.45,,,,43.4449,,213073.7743,208033.7314,9692.91,421107.5057,753408.0506775489,92620042.69899563
2010-11-01,3.7,,,4955.78,4146.07,,,,43.4918,,215535.7926,180320.0472,9101.85,395855.8398,754270.5852924772,92612453.6780994
2010-12-01,3.6,94384250.0,2832720.67,4949.14,4201.28,15.13,30.05,54.81,43.9548,2625222.0,217538.4589,184666.4221,9150.42,402204.881,901322.9734861214,94739951.35965632
2011-01-01,4.0,,,5302.44,4001.93,,,,44.1722,,234220.4402,176774.0523,9304.37,410994.49250000005,886526.8169580345,94550859.0488903
2011-02-01,4.7,,,4876.58,3927.75,,,,43.7031,,213121.6634,171654.851,8804.33,384776.5144,870220.7447701711,94507395.8187453
2011-03-01,4.9,,2616890.92,5552.51,4356.35,14.24,30.48,55.29,43.516,2351209.0,241623.0252,189570.9266,9908.86,431193.9518,764130.571280845,94467883.79134038
2011-04-01,4.7,,,5525.44,4306.44,,,,43.2402,,238921.1307,186211.3269,9831.88,425132.4576,780189.8789178334,94432322.96667546
2011-05-01,4.9,,,4892.57,4118.69,,,,43.1307,,211019.9689,177641.9828,9011.259999999998,388661.9517,780622.2683113542,94400713.34475194
2011-06-01,5.2,,2863766.6,4503.9,4134.78,12.39,29.54,58.08,43.3657,2544840.0,195314.7762,179307.629,8638.68,374622.4052,856923.051355679,94373054.9255687
2011-07-01,4.9,,,5001.32,4460.27,,,,42.8088,,214100.5076,190938.8064,9461.59,405039.314,857453.4715107768,94349347.70912611
2011-08-01,4.6,,,5076.38,4172.9,,,,42.4209,,215344.6083,177018.1736,9249.28,392362.7819,846056.9374630754,94329591.69542348
2011-09-01,4.7,,2692051.54,5082.89,3896.95,12.47,27.74,59.8,43.0256,2429057.0,218694.392,167668.6119,8979.84,386363.0039,790065.1314318002,94313786.88446176
2011-10-01,5.2,,,5024.49,4155.66,,,,43.4514,,218321.1248,180569.2449,9180.15,398890.3697,808624.0614017257,94301933.27624062
2011-11-01,4.7,,,5024.01,3366.03,,,,43.2745,,217411.5207,145663.2652,8390.04,363074.7859,806519.2617206108,94294030.87075949
2011-12-01,4.2,96337125.0,3011151.94,4633.32,3407.16,14.27,29.7,56.03,43.6486,2819554.0,202237.9314,148717.764,8040.48,350955.69539999997,961779.2170253552,96759969.52352913
2012-01-01,4.1,,,5139.4,4123.42,,,,43.6191,,224176.0025,179859.8693,9262.82,404035.8718,955075.1812268964,96535183.6297505
2012-02-01,3.0,,,4998.18,4430.45,,,,42.6608,,213226.3573,189006.5414,9428.63,402232.8987,938147.5262764964,96483516.1611203
2012-03-01,2.9,,2743208.7,5371.48,4324.62,13.5,30.23,56.27,42.8574,2539542.0,230207.667,185341.9692,9696.1,415549.6361999999,815493.223059657,96436545.73509338
2012-04-01,3.2,,,4788.12,4635.17,,,,42.6998,,204451.7664,197920.832,9423.29,402372.5984,840129.6372270362,96394272.35166876
2012-05-01,2.9,,,5385.84,4931.6,,,,42.8515,,230791.3228,211326.4574,10317.44,442117.7802,852907.7106360808,96356696.01084718
2012-06-01,2.7,,2965725.98,5103.03,4314.23,11.7,29.68,58.62,42.7765,2753027.0,218289.7628,184547.6596,9417.259999999998,402837.4224,931779.6534268634,96323816.7126276
2012-07-01,3.1,,,5047.28,4727.39,,,,41.9054,,211508.2873,198103.1689,9774.67,409611.4562,925685.9683316336,96295634.45701098
2012-08-01,3.7,,,5183.83,3809.98,,,,42.0452,,217955.1691,160191.3711,8993.81,378146.5402,914738.7122018596,96272149.2439978
2012-09-01,3.6,,2773776.25,5326.59,4810.8,12.15,27.98,59.87,41.749,2672921.0,222379.8059,200846.0892,10137.39,423225.8951,883813.0996850026,96253361.07358696
2012-10-01,3.2,,,5276.86,4410.11,,,,41.4521,,218736.9284,182808.3207,9686.97,401545.2491,890515.8611610596,96239269.9457784
2012-11-01,2.8,,,5207.74,3611.01,,,,41.1222,,214153.7258,148492.6754,8818.75,362646.4012,889099.4728194496,96229875.86057325
2012-12-01,2.9,98248614.0,3132649.46,5300.32,3970.75,14.06,30.38,55.56,41.0067,3095098.0,217348.6321,162827.354,9271.07,380175.9861,1061633.619831601,98642725.91648874
2013-01-01,2.8,,,4776.9,4514.31,,,,40.7295,,194560.7486,183865.5891,9291.21,378426.3377,1043965.5484729264,98433214.39518932
2013-02-01,2.9,,,4707.71,4174.32,,,,40.6723,,191473.3934,169779.1953,8882.029999999999,361252.5887,1029627.976244844,98385057.77035712
2013-03-01,2.7,,2908899.08,4951.87,4698.59,13.11,31.28,55.61,40.7127,2772721.0,201603.9977,191292.2851,9650.46,392896.2828,893570.8445518768,98341279.02051
2013-04-01,2.2,,,5153.25,4506.5,,,,41.1422,,212016.0422,185407.3243,9659.75,397423.3665,919840.3893758556,98301878.14564748
2013-05-01,2.3,,,5272.1,5131.34,,,,41.2976,,217725.077,211912.0268,10403.44,429637.1038,929563.4398679128,98266855.14576976
2013-06-01,2.5,,3150174.44,4889.69,4490.2,11.02,30.04,58.94,42.9069,2993985.0,209801.4399,192660.5624,9379.89,402462.0023,1012140.4833521444,98236210.0208765
2013-07-01,2.4,,,5494.15,4858.79,,,,43.3559,,238203.818,210657.2134,10352.94,448861.0314,1010038.8206376226,98209942.7709679
2013-08-01,1.8,,,5563.84,4956.02,,,,43.8639,,244051.7214,217390.3657,10519.86,461442.0871,998504.229152769,98188053.39604428
2013-09-01,2.3,,2979022.27,5719.19,5056.21,11.63,27.7,60.68,43.8318,2914503.0,250682.3922,221622.7855,10775.4,472305.1777,957361.5967287698,98170541.8961054
2013-10-01,2.4,,,4844.03,5026.67,,,,43.1825,,209177.3255,217064.1773,9870.7,426241.5028,967733.5609781764,98157408.27115144
2013-11-01,2.9,,,5592.57,4324.99,,,,43.5546,,243582.1493,188373.2095,9917.56,431955.3588,974449.8751966098,98148652.5211822
2013-12-01,3.8,100175512.0,3378370.39,5445.26,4959.93,13.83,29.44,56.74,44.1043,3369383.0,240159.3806,218754.2407,10405.19,458913.6213,1160836.3678361126,100581310.20802404
2014-01-01,3.7,,,6006.12,4357.47,,,,44.9266,,269834.5508,195766.3117,10363.59,465600.8625000001,1138413.916330317,100365586.20591524
2014-02-01,3.6,,,4855.79,4650.95,,,,44.895,,218000.6921,208804.4003,9506.74,426805.0924,1119266.4954077855,100316001.63045868
2014-03-01,3.5,,3129775.55,5485.68,5268.41,12.61,30.71,56.67,44.7916,3035915.0,245712.3843,235980.5134,10754.09,481692.8977,978517.9970540344,100270924.74367982
2014-04-01,3.6,,,5365.82,4563.49,,,,44.6416,,239538.7901,203721.4952,9929.31,443260.2853,1005112.4207242874,100230355.5455798
2014-05-01,4.0,,,5068.88,5931.59,,,,43.9236,,222643.4576,260536.7865,11000.47,483180.2441,1017455.318714182,100194294.0361569
2014-06-01,3.8,,3386828.97,4828.71,5461.54,10.68,30.38,58.94,43.8175,3296724.0,211582.0004,239311.029,10290.25,450893.0294,1119183.7130865017,100162740.21541189
2014-07-01,4.2,,,5564.43,5425.48,,,,43.4665,,241866.2966,235826.6264,10989.91,477692.923,1110403.5325439477,100135694.08334409
2014-08-01,4.2,,,5844.51,5471.23,,,,43.7673,,255798.4225,239460.9648,11315.74,495259.38729999994,1099563.6882924128,100113155.63995518
2014-09-01,3.9,,3178883.73,5782.74,5846.06,10.73,28.18,61.09,44.0751,3174416.0,254874.8438,257665.6791,11628.8,512540.5229,1040317.1324877724,100095124.885244
2014-10-01,3.7,,,5589.32,5148.21,,,,44.7979,,250389.7984,230628.9968,10737.53,481018.7952,1056325.6539556778,100081601.81920984
2014-11-01,3.0,,,5536.25,5174.9,,,,44.9514,,248862.1883,232618.9999,10711.15,481481.1882,1060496.6516096494,100072586.44185464
2014-12-01,1.9,102076336.0,3559155.38,5469.75,4802.28,13.44,30.37,56.19,44.6878,3699773.0,244431.0941,214603.3282,10272.03,459034.4223,1268791.1614035834,102472137.34100744
2015-01-01,1.5,,,5662.73,4356.78,,,,44.6044,,252582.674,194331.5578,10019.509999999998,446914.2318,1248065.3454824977,102261727.71466376
2015-02-01,1.5,,,5734.54,4513.4,,,,44.2214,,253589.3872,199588.8668,10247.94,453178.254,1232826.564840732,102213364.65866458
2015-03-01,1.5,,3308136.02,5691.35,5434.17,12.18,30.66,57.16,44.4457,3204277.0,252956.0347,241525.4896,11125.52,494481.5243,1020050.3741505285,102169398.2441198
2015-04-01,1.4,,,5052.99,4434.03,,,,44.4136,,224421.4767,196931.2348,9487.02,421352.7115,1058424.5821018617,102129828.47102952
2015-05-01,0.9,,,4834.42,4899.37,,,,44.6106,,215666.3769,218563.8353,9733.79,434230.2122,1072339.6587841627,102094655.33939455
2015-06-01,0.6,,3621755.89,5940.76,5363.96,10.07,30.49,59.44,44.9831,3493900.0,267233.8012,241287.5491,11304.72,508521.3503,1195037.8650297427,102063878.84921353
2015-07-01,0.2,,,6845.66,5370.52,,,,45.2649,,309868.1153,243096.0507,12216.18,552964.166,1178597.0852497155,102037499.00048624
2015-08-01,0.0,,,6175.98,5127.93,,,,46.142,,284972.0692,236612.9461,11303.91,521585.0153,1163442.961218774,102015515.79321368
2015-09-01,-0.4,,3367553.46,6255.01,4959.51,10.1,28.11,61.79,46.7504,3330583.0,292424.2195,231859.0763,11214.52,524283.2958,1086295.8574416104,101997929.22739647
2015-10-01,-0.2,,,6534.11,4590.26,,,,46.3609,,302927.2203,212808.5848,11124.37,515735.8051,1108692.457301105,101984739.3030323
2015-11-01,0.3,,,6094.66,5117.78,,,,47.0067,,286489.8542,240569.9491,11212.44,527059.8033,1112702.0584728585,101975946.02012384
2015-12-01,0.7,103767130.0,3798601.38,6245.02,4659.51,12.63,30.54,56.83,47.2303,3915398.0,294954.1681,220070.0552,10904.53,515024.2233,1345901.024329715,104109973.47051114
2016-01-01,0.7,,,6825.21,4255.49,,,,47.5111,,324273.2348,202183.0109,11080.7,526456.2457,1322174.345218687,103927716.4666819
2016-02-01,0.5,,,5651.64,4361.92,,,,47.6361,,269222.0882,207784.8573,10013.56,477006.9455,1305197.1769265344,103885824.34493975
2016-03-01,0.6,,3481796.47,6678.28,4730.01,10.92,31.1,57.97,46.724,3437650.0,312035.9547,221004.9872,11408.29,533040.9419,1093273.5687380328,103847740.59790164
2016-04-01,0.7,,,6864.59,4284.87,,,,46.2845,,317724.1159,198323.0655,11149.46,516047.1814,1137047.947666573,103813465.22556692
2016-05-01,0.9,,,7067.86,4828.35,,,,46.8023,,330792.1041,225977.8852,11896.21,556769.9893,1149473.3256668437,103782998.2279363
2016-06-01,1.3,,3853504.01,7243.66,4872.9,9.23,30.6,60.17,46.4645,3791145.0,336573.0401,226416.8621,12116.56,562989.9022,1294227.650466075,103756339.60500984
2016-07-01,1.3,,,7159.42,4786.91,,,,47.0581,,336908.7023,225262.8895,11946.33,562171.5918,1277716.740086615,103733489.3567869
2016-08-01,1.3,,,7165.89,5036.07,,,,46.6809,,334510.1945,235088.2801,12201.96,569598.4746,1263442.8170185124,103714447.48326828
2016-09-01,1.7,,3589387.68,7381.22,5361.57,9.74,28.61,61.65,47.4294,3644979.0,350086.8359,254296.0482,12742.79,604382.8841,1190830.15843265,103699213.98445176
2016-10-01,1.8,,,7260.09,5036.08,,,,48.3482,,351012.2833,243485.4031,12296.17,594497.6864,1213745.14223128,103687788.8603406
2016-11-01,2.1,,,7377.52,4886.88,,,,49.155,,362641.9956,240214.5864,12264.4,602856.582,1217693.2075672434,103680172.11093353
2016-12-01,2.2,105312992.0,4066219.29,7432.67,4965.05,11.68,30.7,57.62,49.8156,4258608.0,370262.9157,247336.9448,12397.72,617599.8605,1463325.892015688,105631485.7342162
2017-01-01,2.5,,,7926.01,5597.12,,,,49.7363,,394210.4112,278380.0395,13523.13,672590.4506999999,1439013.7908297104,105462173.15068668
2017-02-01,3.1,,,6825.96,5156.3,,,,49.9614,,341034.5179,257615.9668,11982.26,598650.4846999999,1415999.7677221026,105423256.32876807
2017-03-01,3.1,,3722688.28,8107.13,6003.05,10.8,30.82,58.38,50.2752,3745533.0,407587.5822,301804.5394,14110.18,709392.1216,1192802.3492015149,105387877.39975184
2017-04-01,3.2,,,7140.82,5587.11,,,,49.8626,,356059.8513,278587.8311,12727.93,634647.6824,1239821.7773561017,105356036.36363769
2017-05-01,2.9,,,8494.95,5987.55,,,,49.8603,,423560.7555,298541.0393,14482.5,722101.7948,1252784.680650823,105327733.22042328
2017-06-01,2.5,,4140186.0,7289.68,5704.04,9.16,30.55,60.28,49.8501,4153954.0,363391.277,284346.9644,12993.72,647738.2413999999,1419052.4885975427,105302967.97011296
2017-07-01,2.4,,,7138.89,5833.61,,,,50.6382,,361500.5396,295403.5099,12972.5,656904.0495,1400348.9453664846,105281740.61270192
2017-08-01,2.6,,,8715.34,5978.83,,,,50.8747,,443390.3079,304171.1826,14694.17,747561.4905000001,1383988.396613426,105264051.14819364
2017-09-01,3.0,,3852482.66,7737.89,5985.71,9.38,28.84,61.78,51.0094,4017922.0,394705.1262,305327.4757,13723.6,700032.6019,1314480.1927838828,105249899.5765868
2017-10-01,3.1,,,8497.79,5912.65,,,,51.3433,,436304.5813,303574.9627,14410.44,739879.544,1338320.7716890413,105239285.89788236
2017-11-01,3.0,,,8862.53,5582.9,,,,51.0384,,452329.3512,284942.2834,14445.43,737271.6346,1342199.6417756795,105232210.11207916
2017-12-01,2.9,106735719.0,4347318.95,9356.25,5384.03,11.23,30.87,57.9,50.3947,4639242.0,471505.4119,271326.5766,14740.28,742831.9885,1589002.8464608502,107028059.78082916
2018-01-01,3.4,,,8882.7,5656.21,,,,50.5087,,448653.6295,285687.814,14538.91,734341.4435,1564509.948889226,106872650.21525437
2018-02-01,3.7,,,7762.25,5225.71,,,,51.7856,,401972.7736,270616.5278,12987.96,672589.3014,1543741.912321512,106836929.02866596
2018-03-01,4.3,,3959977.37,8364.28,6024.47,10.4,30.98,58.62,52.0676,4101138.0,435507.9853,313679.6942,14388.75,749187.6795000001,1315439.0705795025,106804455.22267742
2018-04-01,4.3,,,9180.81,5481.97,,,,52.0986,,478307.3479,285602.9622,14662.78,763910.3101,1359590.8715631526,106775228.79728688
2018-05-01,4.6,,,9972.39,6091.89,,,,52.1948,,520506.9016,317964.9802,16064.28,838471.8818,1375381.9455998002,106749249.75249489
2018-06-01,5.0,,4437331.26,9469.46,5916.49,8.62,30.86,60.52,53.0476,4568792.0,502332.1263,313855.5949,15385.95,816187.7212,1558818.5137170493,106726518.08830252
2018-07-01,5.8,,,9982.73,5966.51,,,,53.4329,,533406.2138,318807.9322,15949.24,852214.146,1541884.4424440395,106707033.80470917
2018-08-01,6.6,,,9814.79,6216.23,,,,53.2735,,522868.2151,331160.3289,16031.02,854028.544,1521732.4633553622,106690796.901714
2018-09-01,6.9,,4142636.11,10076.42,6052.78,8.84,28.98,62.19,53.9419,4450213.0,543541.24,326498.4535,16129.2,870039.6935,1460698.607762342,106677807.37931836
2018-10-01,6.9,,,10724.29,6308.84,,,,54.0086,,579203.8889,340731.616,17033.13,919935.5049,1487248.9469362425,106668065.23752184
2018-11-01,6.1,,,9710.64,5636.46,,,,52.8083,,512802.3903,297651.8706,15347.1,810454.2609000001,1474080.7057084318,106661570.47632396
2018-12-01,5.2,108119693.0,4636033.35,8900.09,4729.85,10.72,31.34,57.94,52.7691,5145048.0,469649.7392,249589.9276,13629.94,719239.6668,1740881.1906581123,108408697.97526884
2019-01-01,4.4,,,9565.31,5293.1,,,,52.4679,,501871.7285,277717.8415,14858.41,779589.5700000001,1733225.339561046,108255061.73769829
2019-02-01,3.8,,,7984.95,5251.62,,,,52.1901,,416735.339,274082.573,13236.57,690817.912,1707672.2650940437,108219748.153952
2019-03-01,3.4,,4215576.48,9365.8,6030.8,9.88,30.73,59.39,52.4134,4426077.0,490893.4217,316094.7327,15396.6,806988.1544,1423517.5959641612,108187644.89599988
2019-04-01,3.2,,,9451.19,5652.23,,,,52.1122,,492522.3035,294550.1402,15103.42,787072.4437,1465057.305107963,108158751.96384336
2019-05-01,3.2,,,9848.9,6199.69,,,,52.262,,514723.2118,324008.1988,16048.59,838731.4106000001,1485505.107169499,108133069.35748164
2019-06-01,2.7,,4720383.97,8785.68,6149.83,8.22,30.27,61.51,51.8029,4865973.0,455123.7025,318579.0285,14935.51,773702.731,1645655.3030094998,108110597.07691544
2019-07-01,2.2,,,9893.35,6252.11,,,,51.1429,,505974.6097,319751.0365,16145.46,825725.6462,1640682.3753065476,108091335.12214395
2019-08-01,1.4,,,9307.45,6302.58,,,,52.0547,,484496.5175,328078.9111,15610.03,812575.4286,1618940.18011108,108075283.49316816
2019-09-01,0.5,,4397241.33,9488.56,6079.81,8.56,28.9,62.54,52.1052,4725892.0,494403.3165,316789.716,15568.37,811193.0325,1546351.8049012609,108062442.18998648
2019-10-01,0.6,,,9914.28,6341.73,,,,51.5042,,510627.06,326625.7303,16256.01,837252.7903,1575906.9974444672,108052811.2126019
2019-11-01,1.2,,,9275.21,5622.87,,,,50.7268,,470501.7226,285230.2019,14898.079999999998,755731.9245,1567092.4516640122,108046390.56101134
2019-12-01,2.4,109465287.0,4931988.49,8712.41,5750.62,10.14,31.49,58.37,50.7671,5499920.0,442303.7897,291942.3006,14463.03,734246.0903,1875242.2285870928,109745014.18272132
2020-01-01,3.0,,,9556.69,5801.89,,,,50.8386,,485848.7402,294959.965,15358.580000000002,780808.7052,1856651.462586842,109596310.05795532
2020-02-01,2.5,,,7400.35,5432.17,,,,50.7448,,375529.2807,275654.3802,12832.52,651183.6609,1817168.1051234975,109562130.12979296
2020-03-01,2.2,,4463185.92,7804.99,5079.05,9.92,30.19,59.89,50.9036,4449141.0,397302.089,258541.9296,12884.04,655844.0186,1374282.3763859377,109531057.46782774
2020-04-01,1.8,,,3507.07,3319.97,,,,50.7349,,177930.8457,168438.346,6827.04,346369.19169999997,1453237.704357501,109503092.07205822
2020-05-01,1.6,,,5855.19,4541.51,,,,50.5556,,296012.6436,229598.763,10396.7,525611.4066,1507156.8330335189,109478233.94248503
2020-06-01,2.3,,4985924.38,6955.79,5531.67,10.04,28.52,61.44,50.0972,4138373.0,348465.6028,277121.1783,12487.46,625586.7811,1439474.9699939874,109456483.07910882
2020-07-01,2.4,,,7833.6,5698.73,,,,49.4675,,387508.608,281901.9263,13532.33,669410.5342999999,1402436.8590002947,109437839.48193018
2020-08-01,2.2,,,7679.4,5499.62,,,,48.8433,,375087.238,268619.5895,13179.02,643706.8275,1374271.778505978,109422303.15094584
2020-09-01,2.2,,4675544.21,8552.49,6286.06,9.79,26.95,63.26,48.5057,4205108.0,414844.5142,304909.7405,14838.55,719754.2546999999,1399795.9058088874,109409874.08615877
2020-10-01,2.3,,,8335.45,6287.05,,,,48.4822,,404120.954,304810.0155,14622.5,708930.9695,1405164.9644861994,109400552.2875697
2020-11-01,3.0,,,8026.77,5882.74,,,,48.2521,,387308.5087,283854.5588,13909.51,671163.0675,1399228.1028115558,109394337.7551773
2020-12-01,3.3,110804683.0,5258096.11,8303.75,5854.06,10.77,30.69,58.54,48.0637,5158953.0,399108.9489,281367.7836,14157.81,680476.7325,1782229.645208686,111085225.543917
2021-01-01,3.7,,,8424.81,5549.4,,,,48.0614,,404908.1633,266711.9332,13974.21,671620.0965,1742843.2287119816,110936087.96978109
2021-02-01,4.2,,,8064.45,5358.48,,,,48.2042,,388740.3607,258301.2416,13422.93,647041.6023,1715570.8872878128,110901808.41244608
2021-03-01,4.1,,4433805.49,9533.14,6779.04,10.17,30.07,59.76,48.5743,4374072.0,463065.6023,329287.1227,16312.18,792352.7250000001,1401619.6986776388,110870645.17850804
2021-04-01,4.1,,,8878.68,5784.51,,,,48.462,,430278.5902,280328.9236,14663.19,710607.5138,1442078.7931776475,110842598.26796186
2021-05-01,4.1,,,9121.64,5943.04,,,,47.9552,,437430.0705,284999.6718,15064.68,722429.7423,1464729.1303095275,110817667.68081027
2021-06-01,3.7,,4142943.37,9906.89,6578.17,8.96,30.87,60.17,48.1247,4767989.0,476766.1092,316572.4578,16485.059999999998,793338.567,1642229.8304039044,110795853.41705248
2021-07-01,3.7,,,9991.04,6487.15,,,,49.943,,498982.5107,323987.7325,16478.190000000002,822970.2431999999,1612234.8132870905,110777155.47668992
2021-08-01,4.4,,,9850.62,6541.29,,,,50.2343,,494839.0003,328597.1242,16391.91,823436.1245,1587424.400282099,110761573.85971904
2021-09-01,4.2,,4135498.81,10499.42,6691.76,8.99,27.36,63.65,50.1421,4604095.0,526462.9676,335538.8991,17191.18,862001.8666999999,1508706.1730837256,110749108.56614378
2021-10-01,4.0,,,10234.67,6420.43,,,,50.7491,,519400.2913,325831.0441,16655.1,845231.3354,1532032.989452155,110739759.595963
2021-11-01,3.7,,,10984.18,6278.24,,,,50.3571,,553131.4507,316153.9595,17262.42,869285.4102,1539829.3211040166,110733526.94917443
2021-12-01,3.1,112081264.0,4825595.62,11395.68,6281.6,10.13,31.22,58.66,50.2478,5664458.0,572607.8495,315636.5805,17677.28,888244.4299999999,1969475.579026656,112344960.6925483
2022-01-01,3.0,,,10559.01,6082.16,,,,51.2353,,540994.0451,311621.2922,16641.17,852615.3373,1914456.237837905,112204778.442514
2022-02-01,3.0,,,10185.73,6249.09,,,,51.2807,,522331.3644,320457.7096,16434.82,842789.074,1885062.4902242287,112172557.28359573
2022-03-01,4.0,,4266797.02,11768.49,7305.01,9.43,30.61,59.96,52.074,4928798.0,612832.3483,380401.0907,19073.5,993233.439,1589378.363262279,112143265.32094456
2022-04-01,4.9,,,11462.84,6167.58,,,,51.976,,595792.5718,320566.1381,17630.42,916358.7099,1628558.0175274063,112116902.55455773
2022-05-01,5.4,,,11879.48,6355.77,,,,52.3618,,622030.9559,332799.5576,18235.25,954830.5135,1651967.3191534956,112093468.98443606
2022-06-01,6.1,,4641824.63,12521.68,6741.31,8.35,30.51,61.13,53.5685,5398104.0,670767.6151,361121.8647,19262.99,1031889.4798,1861465.0709475065,112072964.610581
2022-07-01,6.4,,,12215.0,6240.31,,,,55.8925,,682726.8875,348786.5267,18455.31,1031513.4142,1822726.290129466,112055389.43298724
2022-08-01,6.3,,,12455.33,6461.89,,,,55.7501,,694385.893,360251.0137,18917.22,1054636.9067000002,1799952.441420875,112040743.45166026
2022-09-01,6.9,,4426630.15,12011.51,7249.23,8.53,26.87,64.61,57.4338,5249946.0,689866.663,416350.826,19260.74,1106217.489,1729500.0497941105,112029026.66660148
2022-10-01,7.7,,,11024.21,7745.59,,,,58.8247,,648495.846,455632.0081,18769.8,1104127.8541,1750356.6858281964,112020239.07780582
2022-11-01,8.0,,,10817.61,7165.6,,,,57.6523,,623660.097,413113.3209,17983.21,1036773.4179,1746168.780953389,112014380.68527484
2022-12-01,8.1,113100950.0,5204832.41,10320.21,5810.57,9.42,30.46,60.11,55.6839,6451429.0,574669.5416,323555.1988,16130.78,898224.7404,2210836.8199250204,113301094.76223838
2023-01-01,8.7,,,10997.87,5441.87,,,,54.9913,,604787.1685,299255.5057,16439.74,904042.6742,2176001.4371008216,113194696.98063698
2023-02-01,8.6,,,8983.78,5103.31,,,,54.7831,,492159.3181,279575.1421,14087.09,771734.4602,2139791.0064758565,113170241.24655756
2023-03-01,7.6,,4611219.42,11631.81,6613.63,9.06,29.96,60.98,54.7956,5614956.0,637372.008,362397.824,18245.44,999769.832,1827320.9104100447,113148008.7610318
2023-04-01,6.6,,,9748.47,4916.14,,,,55.3155,,539241.4923,271938.7422,14664.61,811180.2345,1849170.0245761608,113127999.52405731
2023-05-01,6.1,,,10932.62,6530.25,,,,55.7279,,609251.9541,363917.119,17462.870000000003,973169.0731,1897193.2913305336,113110213.5356347
2023-06-01,5.4,,4990934.04,10667.01,6730.74,8.03,29.84,62.14,55.8946,5887040.0,596228.2571,376212.02,17397.75,972440.2771,2009838.31815769,113094650.79576588
2023-07-01,4.7,,,10370.22,6245.73,,,,54.9211,,569543.8896,343022.3619,16615.949999999997,912566.2515,1976073.2230922305,113081311.30444896
2023-08-01,5.3,,,10834.74,6729.64,,,,56.1599,,608477.9149,377935.9094,17564.38,986413.8243,1971359.4168784996,113070195.06168672
2023-09-01,6.1,,4767549.24,10320.24,6771.93,8.13,26.77,65.1,56.7869,5761125.0,586054.4369,384556.9117,17092.17,970611.3486,1898885.682264028,113061302.06747444
2023-10-01,4.9,,,10759.41,6518.43,,,,56.7889,,611015.0585,370174.4694,17277.84,981189.5279,1922461.0380424568,113054632.32181698
2023-11-01,4.1,,,11000.53,6231.07,,,,55.8122,,613963.7805,347769.7251,17231.6,961733.5056,1920769.489737968,113050185.82471076
2023-12-01,3.9,113964338.0,5575901.99,9962.5,5784.38,9.05,29.8,61.15,55.5877,7050442.0,553792.4613,321540.3801,15746.88,875332.8414,2416601.7001797543,114139928.65825146
2024-01-01,2.8,,,10340.59,5993.4,,,,55.9723,,578786.6057,335464.3828,16333.99,914250.9885,2381603.2199205966,114046583.93966712
2024-02-01,3.4,,,9578.97,6015.84,,,,56.0649,,537043.9952,337277.468,15594.81,874321.4632,2343197.7621342186,114025128.4771465
2024-03-01,3.7,,4907012.67,9579.22,6225.25,8.6,29.76,61.64,55.8493,6119136.0,534992.7315,347675.8548,15804.47,882668.5863,1942967.009784712,114005623.51121764
2024-04-01,3.8,,,11030.93,6304.7,,,,56.9506,,628218.0821,359056.4478,17335.63,987274.5299,2033322.8293869956,113988069.04188168
2024-05-01,3.9,,,11064.76,6334.84,,,,57.7619,,639121.5606,365912.3946,17399.6,1005033.9552,2046566.4103695604,113972465.06913991
2024-06-01,3.7,,5203455.44,9904.2,5568.59,7.37,30.25,62.38,58.6963,6494774.0,581339.8945,326855.6292,15472.79,908195.5237,2165436.163538808,113958811.59298804
2024-07-01,4.4,,,11129.79,6251.6,,,,58.4845,,650920.2033,365621.7002,17381.39,1016541.9035,2187564.4951280095,113947108.61343044
2024-08-01,3.3,,,11148.73,6753.4,,,,57.1935,,637634.8893,386250.5829,17902.129999999997,1023885.4722,2164754.2794062793,113937356.13046716
2024-09-01,1.9,,5051395.98,11362.26,6259.74,7.51,26.72,65.77,56.0713,6254621.0,637096.6891,350991.7595,17622.0,988088.4486,2036580.0662024184,113929554.14409468
2024-10-01,2.3,,,12005.74,6191.05,,,,57.3009,,687939.7072,354752.7369,18196.79,1042692.4441,2085969.175738393,113923702.65431827
2024-11-01,2.5,,,10632.93,5697.41,,,,58.6947,,624096.6365,334407.7707,16330.34,958504.4072,2075700.3628825776,113919801.66113132
2024-12-01,2.9,114891199.0,5884528.49,9818.51,5672.89,8.46,29.58,61.97,58.448,7577838.0,573872.2725,331569.0747,15491.4,905441.3472,2595756.305579203,115090094.43733633
2025-01-01,2.9,,,11497.73,6571.45,,,,58.3906,,673137.3471,383832.9447,18069.18,1056970.2918,2572125.7745095305,114984360.80200984
2025-02-01,2.1,,,9761.28,6787.09,,,,58.0942,,568074.7156,394295.2114,16548.370000000003,962369.927,2508593.449423949,114960057.72322512
2025-03-01,1.8,,5195588.2,11280.45,6767.76,8.34,29.53,62.12,57.4246,6583459.0,648447.7711,389493.2602,18048.21,1037941.0313,2092141.9849411012,114937964.01523784
2025-04-01,1.4,,,10755.11,6782.51,,,,56.8529,,612085.7123,385653.1192,17537.620000000003,997738.8315,2171080.0330552845,114918079.67805138
2025-05-01,1.3,,,10946.76,7314.57,,,,55.6246,,609636.7161,407076.3977,18261.33,1016713.1138,2204765.4136174,114900404.71166176
2025-06-01,1.4,,5539082.71,11460.54,7064.26,7.47,29.28,63.25,56.3586,6963096.0,646137.8229,398251.8475,18524.800000000003,1044389.6704,2370063.1707325834,114884939.11607112
2025-07-01,0.9,,,11772.51,7349.57,,,,56.7523,,668863.312,417539.7241,19122.08,1086403.0361,2347076.58920589,114871682.89127922
2025-08-01,1.5,,,11112.23,7126.04,,,,57.2525,,636466.3096,408094.1024,18238.27,1044560.412,2315632.506246566,114860636.0372875
2025-09-01,1.7,,5316054.33,11944.28,7274.67,7.43,25.87,66.7,57.2501,6556241.0,684379.7179,416868.8932,19218.95,1101248.6111,2139231.645432082,114851798.55409284
2025-10-01,1.7,,,11641.73,7448.17,,,,58.2984,,679003.7967,434256.6198,19089.9,1113260.4164999998,2181968.941555327,114845170.44169572
2025-11-01,1.5,,,10421.98,6908.34,,,,58.9136,,641501.9425,408082.7245,17330.32,1049584.667,2184465.7359364503,114840751.7000994
2025-12-01,1.8,115806994.8,,,,,,,58.8488,7907140.0,648471.4049,413474.6112,,1061946.0161,2730230.63987523,115996790.94026424
2026-01-01,2.0,,,11416.82,7142.75,,,,59.1622,,675444.1882,422580.8041,18559.57,1098024.9923,2675119.1428235727,115895894.52881455
2026-02-01,2.4,,,11012.96,7330.43,,,,58.2803,,641838.6127,427219.6595,18343.39,1069058.2722,2629820.6873345897,115872703.29520924
2026-03-01,4.1,,,,,,,,59.4069,7032331.834,638603.0836,405116.5871,,1043719.6707,2239651.9601906384,115851620.35556938
2026-04-01,4.944294525,,,,,,,,59.84289976,,655293.2621,432653.5232,,1087946.7853,2327739.2404166614,115832645.7098953
2026-05-01,5.188257716,,,,,,,,59.89549093,,660184.9961,435260.9368,,1095445.9329,2352104.1111131767,115815779.35818198
2026-06-01,5.428283667,,,,,,,,60.2780821,6668734.813,680366.8775,440452.2782,,1120819.1557,2210385.989268738,115801021.300433
2026-07-01,5.66525213,,,,,,,,60.54424092,,680312.1896,446933.0917,,1127245.2813,2228487.0645201853,115788371.53665088
2026-08-01,5.560456826,,,,,,,,60.70828798,,688512.0332,454503.4604,,1143015.4936,2226910.4665488596,115777830.0668329
2026-09-01,5.812285778,,,,,,,,60.9899115,8111814.47,694973.6946,457170.775,,1152144.4696,2802549.276671662,115769396.89097524
2026-10-01,5.872194086,,,,,,,,61.1920615,,678334.8642,435398.9368,,1113733.801,2737266.263193494,115763072.00908306
2026-11-01,6.109064949,,,,,,,,61.06650268,,663536.8021,421930.0955,,1085466.8976,2698525.971860637,115758855.42115588
2026-12-01,5.743815087,116710298.4,,,,,,,60.94110568,6781106.503,686218.3866,429450.3827,,1115668.7693,2139229.498785909,116899196.28450316
2027-01-01,5.797091363,,,,,,,,61.04284998,,637169.2196,427375.4265,,1064544.6461,2229248.1063519865,116798777.3895309
2027-02-01,5.731312084,,,,,,,,60.83971802,,683513.4813,453320.2356,,1136833.7169,2279563.285451772,116775695.9140016
2027-03-01,4.629658486,,,,,,,,60.89711231,7044806.094,663372.6627,423400.6799,,1086773.3426,2381725.5697995974,116754712.7544314
