Unnamed: 0,Year,Month,Unnamed: 3,Inflation,Population,GDP,Imports,Exports,Agriculture,Industry,Services,USDPHP,Nominal GDP,Imports_PHPMN,Exports_PHPMN
Jan-86,1986,January,1/1/86,3.8,,,,,,,,19.0417,,,
Feb-86,1986,February,2/1/86,4.7,,,,,,,,20.4609,,,
Mar-86,1986,March,3/1/86,4.2,,1016182.62,,,19.77,33.19,47.03,20.7811,162291,,
Apr-86,1986,April,4/1/86,2.8,,,,,,,,20.5045,,,
May-86,1986,May,5/1/86,2.3,,,,,,,,20.5003,,,
Jun-86,1986,June,6/1/86,0.5,,1072520.41,,,19.76,33.1,47.14,20.552,176228,,
Jul-86,1986,July,7/1/86,-0.9,,,,,,,,20.4543,,,
Aug-86,1986,August,8/1/86,-0.9,,,,,,,,20.4317,,,
Sep-86,1986,September,9/1/86,-0.9,,941279.94,,,15.44,34.41,50.14,20.5092,163641,,
Oct-86,1986,October,10/1/86,-0.5,,,,,,,,20.4372,,,
Nov-86,1986,November,11/1/86,-0.5,,,,,,,,20.436,,,
Dec-86,1986,December,12/1/86,-0.9,55213006,1123165.22,,,19.95,30.44,49.61,20.5198,190692,,
Jan-87,1987,January,1/1/87,0,,,,,,,,20.4629,,,
Feb-87,1987,February,2/1/87,-0.5,,,,,,,,20.5252,,,
Mar-87,1987,March,3/1/87,-0.4,,1016812.02,,,19.6,31.98,48.42,20.5625,175246,,
Apr-87,1987,April,4/1/87,0.9,,,,,,,,20.5048,,,
May-87,1987,May,5/1/87,2.3,,,,,,,,20.4732,,,
Jun-87,1987,June,6/1/87,4.6,,1102845.63,,,19.88,32.3,47.82,20.4564,192890,,
Jul-87,1987,July,7/1/87,6,,,,,,,,20.45,,,
Aug-87,1987,August,8/1/87,6.5,,,,,,,,20.4387,,,
Sep-87,1987,September,9/1/87,7.4,,1014292.19,,,15.03,36.14,48.83,20.6005,190706,,
Oct-87,1987,October,10/1/87,6.9,,,,,,,,20.7062,,,
Nov-87,1987,November,11/1/87,7.3,,,,,,,,20.8171,,,
Dec-87,1987,December,12/1/87,8.3,56645077,1165002.25,,,19.57,30.2,50.23,20.8148,218441,,
Jan-88,1988,January,1/1/88,13.6,,,,,,,,20.8462,,,
Feb-88,1988,February,2/1/88,14,,,,,,,,20.903,,,
Mar-88,1988,March,3/1/88,14.4,,1049992.81,,,18.56,33.23,48.21,21.0277,205057,,
Apr-88,1988,April,4/1/88,15.4,,,,,,,,21.0296,,,
May-88,1988,May,5/1/88,14.8,,,,,,,,20.955,,,
Jun-88,1988,June,6/1/88,14.2,,1144410.4,,,18.36,32.02,49.62,20.9487,222910,,
Jul-88,1988,July,7/1/88,13.5,,,,,,,,21.0247,,,
Aug-88,1988,August,8/1/88,13.5,,,,,,,,21.0591,,,
Sep-88,1988,September,9/1/88,12.9,,1080960.03,,,16.14,34.23,49.63,21.2485,218394,,
Oct-88,1988,October,10/1/88,13.4,,,,,,,,21.3616,,,
Nov-88,1988,November,11/1/88,13.2,,,,,,,,21.3771,,,
Dec-88,1988,December,12/1/88,13.6,58157496,1211100.96,,,18.5,33.13,48.37,21.356,263919,,
Jan-89,1989,January,1/1/89,9.2,,,,,,,,21.3421,,,
Feb-89,1989,February,2/1/89,8.7,,,,,,,,21.3575,,,
Mar-89,1989,March,3/1/89,8.3,,1110899,,,18.49,32.57,48.94,21.3388,232543,,
Apr-89,1989,April,4/1/89,8.6,,,,,,,,21.4136,,,
May-89,1989,May,5/1/89,9.4,,,,,,,,21.5796,,,
Jun-89,1989,June,6/1/89,10.1,,1171082.48,,,16.98,32.62,50.39,21.68,251104,,
Jul-89,1989,July,7/1/89,10.4,,,,,,,,21.8865,,,
Aug-89,1989,August,8/1/89,11.9,,,,,,,,21.88,,,
Sep-89,1989,September,9/1/89,12.2,,1148588.13,,,15.84,33.97,50.18,21.9691,255879,,
Oct-89,1989,October,10/1/89,12.9,,,,,,,,21.9589,,,
Nov-89,1989,November,11/1/89,12.8,,,,,,,,22.099,,,
Dec-89,1989,December,12/1/89,13.8,59739052,1356350.02,,,17.92,34.44,47.64,22.3352,315003,,
Jan-90,1990,January,1/1/90,13.6,,,,,,,,22.4644,,,
Feb-90,1990,February,2/1/90,13.9,,,,,,,,22.6245,,,
Mar-90,1990,March,3/1/90,13.8,,1182521.98,,,17.46,33.56,48.97,22.7594,279143,,
Apr-90,1990,April,4/1/90,14.1,,,,,,,,22.7609,,,
May-90,1990,May,5/1/90,13.6,,,,,,,,22.9018,,,
Jun-90,1990,June,6/1/90,13,,1233224.96,,,16.58,32.54,50.88,23.1026,290701,,
Jul-90,1990,July,7/1/90,13.6,,,,,,,,23.5632,,,
Aug-90,1990,August,8/1/90,11.6,,,,,,,,24.4474,,,
Sep-90,1990,September,9/1/90,12.2,,1211700.24,,,15.37,33.69,50.94,25.3519,295743,,
Oct-90,1990,October,10/1/90,13.1,,,,,,,,25.75,,,
Nov-90,1990,November,11/1/90,14.4,,,,,,,,28,,,
Dec-90,1990,December,12/1/90,16.7,61265260,1455491.64,,,17.81,33.1,49.09,28,362294,,
Jan-91,1991,January,1/1/91,18.7,,,950.41,635.57,,,,28,,26611.48,17795.96
Feb-91,1991,February,2/1/91,20.2,,,1094.81,662.65,,,,28,,30654.68,18554.2
Mar-91,1991,March,3/1/91,21.1,,1243019.24,1076.87,742.13,18.29,31.98,49.73,28,325283,30152.36,20779.64
Apr-91,1991,April,4/1/91,20.6,,,896.52,709.7,,,,27.9261,,25036.30717,19819.15317
May-91,1991,May,5/1/91,20.8,,,983.15,688.51,,,,27.8186,,27349.85659,19153.38429
Jun-91,1991,June,6/1/91,20.6,,1276754.84,937.91,767.7,16.58,31.93,51.49,27.7955,341433,26069.67741,21338.60535
Jul-91,1991,July,7/1/91,19.9,,,1025.69,793.5,,,,27.621,,28330.58349,21917.2635
Aug-91,1991,August,8/1/91,21.2,,,967.43,741.2,,,,27.1995,,26313.61229,20160.2694
Sep-91,1991,September,9/1/91,20.9,,1257010.37,988.48,764.46,14.7,33.82,51.48,26.9834,344791,26672.55123,20627.72996
Oct-91,1991,October,10/1/91,19,,,1023.15,756.88,,,,26.9946,,27619.52499,20431.67285
Nov-91,1991,November,11/1/91,17.3,,,1110.04,751.08,,,,26.7366,,29678.69546,20081.32553
Dec-91,1991,December,12/1/91,13.2,62854666,1462844.73,996.9,826.13,18.78,32.42,48.8,26.6683,411450,26585.62827,22031.48268
Jan-92,1992,January,1/1/92,10.9,,,1037.69,662.37,,,,26.5446,,27545.06597,17582.3467
Feb-92,1992,February,2/1/92,9.1,,,1032.51,714.9,,,,26.158,,27008.39658,18700.3542
Mar-92,1992,March,3/1/92,8.7,,1244652.42,1164.81,898.46,18.11,32.58,49.3,25.8102,362800,30063.97906,23189.43229
Apr-92,1992,April,4/1/92,8.4,,,1196.81,666.45,,,,25.6672,,30718.76163,17105.90544
May-92,1992,May,5/1/92,8.9,,,1186.29,811.71,,,,26.1496,,31021.00898,21225.89182
Jun-92,1992,June,6/1/92,8.8,,1262124.78,1088.95,835.57,16.14,31.87,51.99,26.1205,368201,28443.91848,21825.50619
Jul-92,1992,July,7/1/92,9,,,1166.41,851.13,,,,25.2616,,29465.38286,21500.90561
Aug-92,1992,August,8/1/92,8.4,,,1399.19,913.09,,,,24.6691,,34516.75803,22525.10852
Sep-92,1992,September,9/1/92,8,,1233097.82,1335.7,873.34,14.39,34.05,51.56,24.726,370452,33026.5182,21594.20484
Oct-92,1992,October,10/1/92,8,,,1330.79,860.36,,,,24.7849,,32983.49707,21323.93656
Nov-92,1992,November,11/1/92,8,,,1255.04,824.14,,,,24.9361,,31295.80294,20550.83745
Dec-92,1992,December,12/1/92,7.4,64382249,1476888.94,1324.72,912.8,19.52,30.72,49.77,25.3221,440072,33544.69231,23114.01288
Jan-93,1993,January,1/1/93,7.4,,,1183.58,790.44,,,,25.2801,,29921.02076,19982.40224
Feb-93,1993,February,2/1/93,7.3,,,1181.68,842.71,,,,25.3116,,29910.21149,21330.33844
Mar-93,1993,March,3/1/93,6.8,,1271890.91,1390.57,842.46,18.85,31.29,49.87,25.3656,387781,35272.64239,21369.50338
Apr-93,1993,April,4/1/93,6.8,,,1504,861.73,,,,26.078,,39221.312,22472.19494
May-93,1993,May,5/1/93,6,,,1460.29,932.14,,,,27.0064,,39437.17586,25173.7457
Jun-93,1993,June,6/1/93,6.2,,1259193.14,1335.13,914.44,16.18,31.92,51.9,27.2063,397727,36323.94732,24878.52897
Jul-93,1993,July,7/1/93,6.1,,,1553.48,998.17,,,,27.5688,,42827.57942,27518.3491
Aug-93,1993,August,8/1/93,6.3,,,1512.67,994.5,,,,27.9489,,42277.46256,27795.18105
Sep-93,1993,September,9/1/93,6.7,,1237813.31,1565.59,1018.3,13.78,34.52,51.7,28.2337,407532,44202.39838,28750.37671
Oct-93,1993,October,10/1/93,6.9,,,1654.69,1012.52,,,,29.16,,48250.7604,29525.0832
Nov-93,1993,November,11/1/93,6.9,,,1682.74,1163.36,,,,28.4849,,47932.68063,33138.19326
Dec-93,1993,December,12/1/93,7.4,65926125,1469653.32,1572.98,1004.05,19.35,30.86,49.79,27.7939,489381,43719.24882,27906.4653
Jan-94,1994,January,1/1/94,12.8,,,1650.56,951.62,,,,27.7245,,45760.95072,26383.18869
Feb-94,1994,February,2/1/94,13.9,,,1349.04,927.01,,,,27.6463,,37295.96455,25628.39656
Mar-94,1994,March,3/1/94,13.4,,1283261.21,1599.52,1057.67,18,32.07,49.93,27.5872,446077,44126.27814,29178.15382
Apr-94,1994,April,4/1/94,13.6,,,1775.99,965.79,,,,27.5298,,48892.6495,26588.00554
May-94,1994,May,5/1/94,13.5,,,1810.36,1083.86,,,,27.053,,48975.66908,29321.66458
Jun-94,1994,June,6/1/94,13,,1291695.47,2041.89,1125.27,16.36,31.89,51.75,26.9756,462046,55081.20788,30354.83341
Jul-94,1994,July,7/1/94,12.6,,,1768.46,1217.56,,,,26.4608,,46794.86637,32217.61165
Aug-94,1994,August,8/1/94,12.5,,,1728.14,1178.01,,,,26.3132,,45472.89345,30997.21273
Sep-94,1994,September,9/1/94,11.7,,1270449.96,1967.95,1239.74,14.43,34.19,51.38,25.9113,469787,50992.14284,32123.27506
Oct-94,1994,October,10/1/94,11.3,,,1886.76,1299.34,,,,25.3945,,47913.32682,32996.08963
Nov-94,1994,November,11/1/94,11,,,1860.74,1128.46,,,,24.2648,,45150.48395,27381.85621
Dec-94,1994,December,12/1/94,10.8,67530621,1507443.46,1893.13,1308.55,18.29,31.97,49.74,24.145,554751,45709.62385,31594.93975
Jan-95,1995,January,1/1/95,6.1,,,1855.58,1160.75,,,,24.6223,,45688.64743,28580.33473
Feb-95,1995,February,2/1/95,5.6,,,1615.89,1263.77,,,,25.0282,,40442.8181,31629.88831
Mar-95,1995,March,3/1/95,6,,1328938.79,2142.54,1298.58,17.59,32.59,49.82,25.859,495093,55403.94186,33579.98022
Apr-95,1995,April,4/1/95,6,,,2229.56,1377.42,,,,26.0077,,57985.72761,35823.52613
May-95,1995,May,5/1/95,6.2,,,2143.63,1400.58,,,,25.8493,,55411.33496,36204.01259
Jun-95,1995,June,6/1/95,6.5,,1352499.4,2328.66,1521.69,15.47,32.57,51.96,25.6742,514116,59786.48257,39068.1734
Jul-95,1995,July,7/1/95,6.3,,,2175.49,1592.69,,,,25.514,,55505.45186,40635.89266
Aug-95,1995,August,8/1/95,6.8,,,2273.59,1591.45,,,,25.7109,,58456.04513,40917.61181
Sep-95,1995,September,9/1/95,8,,1336681,2444.22,1594.97,14.39,34.59,51.02,25.9692,537781,63474.43802,41420.09492
Oct-95,1995,October,10/1/95,8.2,,,2342.36,1601.65,,,,25.9654,,60820.31434,41587.48291
Nov-95,1995,November,11/1/95,8.4,,,2414.72,1422.63,,,,26.1671,,63186.21971,37226.10147
Dec-95,1995,December,12/1/95,8.2,69019291,1568846.69,2571.39,1621.01,17.14,32.66,50.2,26.206,629594,67385.84634,42480.18806
Jan-96,1996,January,1/1/96,9.5,,,2236.09,1420.45,,,,26.2116,,58611.49664,37232.26722
Feb-96,1996,February,2/1/96,9.3,,,2359.58,1594.01,,,,26.1588,,61723.7813,41697.38879
Mar-96,1996,March,3/1/96,9.5,,1392448.47,2760.47,1670.6,17.04,32.82,50.14,26.1957,573212,72312.44398,43762.53642
Apr-96,1996,April,4/1/96,9.4,,,2811.15,1491.87,,,,26.1897,,73623.17516,39071.62774
May-96,1996,May,5/1/96,9.2,,,2712.35,1612.18,,,,26.1759,,70998.20237,42200.26246
Jun-96,1996,June,6/1/96,8.9,,1409521.45,2750.55,1793.39,15.57,32.62,51.82,26.1944,596298,72049.00692,46976.77502
Jul-96,1996,July,7/1/96,8.7,,,2838.7,1693.69,,,,26.1995,,74372.52065,44373.83116
Aug-96,1996,August,8/1/96,8.2,,,2799.68,1773.89,,,,26.1994,,73349.93619,46474.85367
Sep-96,1996,September,9/1/96,6.7,,1417167.31,2870.06,1875.57,14,34.87,51.13,26.2356,614449,75297.74614,49206.70429
Oct-96,1996,October,10/1/96,6.7,,,2858.51,1883.71,,,,26.2693,,75091.05674,49483.7431
Nov-96,1996,November,11/1/96,6.6,,,2711.55,1849.91,,,,26.2658,,71221.02999,48589.36608
Dec-96,1996,December,12/1/96,7.4,70546246,1626238.39,2718.24,1883.27,16.67,32.74,50.6,26.2925,697344,71469.3252,49515.87648
Jan-97,1997,January,1/1/97,5.4,,,2837.89,1692.26,,,,26.3173,,74685.6025,44535.7141
Feb-97,1997,February,2/1/97,5.2,,,2626.54,1812.42,,,,26.3411,,69185.95279,47741.13646
Mar-97,1997,March,3/1/97,5.5,,1464530.75,2935.16,2001.02,16.67,32.77,50.56,26.3319,636625,77288.3396,52690.65854
Apr-97,1997,April,4/1/97,5.2,,,2942.08,2082.43,,,,26.3642,,77565.58554,54901.60101
May-97,1997,May,5/1/97,5,,,2954.37,1982.88,,,,26.3721,,77912.94108,52292.70965
Jun-97,1997,June,6/1/97,5.6,,1503061.59,3032.34,2129.08,15.27,33.08,51.66,26.3761,665182,79981.30307,56156.82699
Jul-97,1997,July,7/1/97,5.6,,,3169.2,2067.14,,,,27.6679,,87685.10868,57193.42281
Aug-97,1997,August,8/1/97,5.4,,,3327.94,2257.97,,,,29.3305,,97610.14417,66227.38909
Sep-97,1997,September,9/1/97,5.7,,1503253.17,2956.48,2337.47,13.28,35.36,51.36,32.3945,678133,95773.69136,75721.17192
Oct-97,1997,October,10/1/97,5.9,,,3413.8,2326.05,,,,34.4639,,117652.8618,80164.7546
Nov-97,1997,November,11/1/97,6.7,,,2945.29,2308.43,,,,34.5178,,101664.9312,79681.92505
Dec-97,1997,December,12/1/97,6.5,72190242,1717089.46,2792.73,2230.56,16.65,32.97,50.38,37.1706,793435,103807.4497,82911.25354
Jan-98,1998,January,1/1/98,6.6,,,2837.9,2114.81,,,,42.661,,121067.6519,90219.90941
Feb-98,1998,February,2/1/98,7.7,,,2585.23,2227.2,,,,40.4143,,104480.2608,90010.72896
Mar-98,1998,March,3/1/98,8.2,,1539321.16,2613.6,2474.18,15.65,32.73,51.62,39.004,705979,101940.8544,96502.91672
Apr-98,1998,April,4/1/98,8.7,,,2457.46,2284.5,,,,38.4422,,94470.16881,87821.2059
May-98,1998,May,5/1/98,9.8,,,2624.02,2414.74,,,,39.2971,,103116.3763,94892.27925
Jun-98,1998,June,6/1/98,10.2,,1593749.81,2260.74,2389.57,13.34,32.55,54.1,40.3991,738060,91331.86133,96536.47739
Jul-98,1998,July,7/1/98,10.1,,,2465.59,2501.37,,,,41.7805,,103013.583,104508.4893
Aug-98,1998,August,8/1/98,10.1,,,2508.47,2652.45,,,,43.0375,,107958.2776,114154.8169
Sep-98,1998,September,9/1/98,10.2,,1573879.49,2454.45,2786.32,13.06,34.2,52.74,43.7759,748152,107445.7578,121973.6657
Oct-98,1998,October,10/1/98,10,,,2417.41,2542.3,,,,42.8882,,103678.3636,109034.6709
Nov-98,1998,November,11/1/98,10.6,,,2373.4,2585.82,,,,39.9435,,94801.9029,103286.7012
Dec-98,1998,December,12/1/98,10,73908810,1801916.29,2061.61,2523.08,15.79,31.84,52.37,39.0733,854030,80553.90601,98585.06176
Jan-99,1999,January,1/1/99,10.7,,,2399.85,2580.78,,,,38.4043,,92164.55936,99113.04935
Feb-99,1999,February,2/1/99,9.3,,,2256.56,2569.33,,,,38.7799,,87509.17114,99638.36047
Mar-99,1999,March,3/1/99,7.9,,1567553.34,2656.3,2702.33,16.49,30.51,53,38.9108,767405,103358.758,105149.8222
Apr-99,1999,April,4/1/99,7.4,,,2599.21,2345.95,,,,38.2417,,99398.20906,89713.11612
May-99,1999,May,5/1/99,6.1,,,2533.48,2746.9,,,,37.8385,,95863.08298,103938.5757
Jun-99,1999,June,6/1/99,5.3,,1580092.87,2670.94,2857.2,14.55,30.8,54.65,37.8993,810836,101226.7563,108285.88
Jul-99,1999,July,7/1/99,5.1,,,2791.64,2851.06,,,,38.2798,,106863.4209,109138.0066
Aug-99,1999,August,8/1/99,4.8,,,2661.46,3211.54,,,,39.261,,104491.5811,126088.2719
Sep-99,1999,September,9/1/99,4.9,,1579892.32,2555.3,3693.28,13.7,33.07,53.24,40.1738,825523,102656.1111,148373.0921
Oct-99,1999,October,10/1/99,5.1,,,2612.62,3459.67,,,,40.315,,105327.7753,139476.5961
Nov-99,1999,November,11/1/99,3.9,,,2351.64,3075.37,,,,40.3409,,94867.27408,124063.1936
Dec-99,1999,December,12/1/99,3.9,75791024,1747866.75,2653.47,2943.51,16.66,30.83,52.51,40.6232,943824,107792.4425,119574.7954
Jan-00,2000,January,1/1/00,5.5,,,2900.85,2716.57,,,,40.4266,,117271.5026,109821.6888
Feb-00,2000,February,2/1/00,5.6,,,2775.14,2902.31,,,,40.5717,,112592.1475,117751.6506
Mar-00,2000,March,3/1/00,5.9,,1581132.24,2908.07,2988.52,15.88,31.69,52.43,40.9381,850396,119050.8605,122344.3306
Apr-00,2000,April,4/1/00,6.2,,,2728.17,2667.59,,,,41.1884,,112368.9572,109873.764
May-00,2000,May,5/1/00,6.5,,,2641.93,2930.83,,,,41.8063,,110449.3182,122527.1582
Jun-00,2000,June,6/1/00,6.1,,1634431.66,2730.33,3410.27,14.74,31.56,53.7,42.6489,904732,116445.5711,145444.2642
Jul-00,2000,July,7/1/00,6.5,,,2855.65,3219.4,,,,44.3557,,126664.3547,142798.7406
Aug-00,2000,August,8/1/00,6.8,,,2842.45,3529.46,,,,44.8977,,127619.4674,158464.6362
Sep-00,2000,September,9/1/00,6.5,,1639984.85,3294.23,3502.01,13.44,33.41,53.15,45.7367,913644,150667.2092,160170.3808
Oct-00,2000,October,10/1/00,6.9,,,3276.14,3398.14,,,,48.1061,,157602.3185,163471.2627
Nov-00,2000,November,11/1/00,7.8,,,2919.8,3316.78,,,,49.7537,,145270.8533,165022.0771
Dec-00,2000,December,12/1/00,8.7,77753257,1836552.8,2618.1,3496.37,16.74,31.3,51.96,49.8962,1028784,130633.2412,174455.5768
1-Jan,2001,January,1/1/01,5.8,,,3031.16,2889,,,,50.9693,,154496.1034,147250.3077
1-Feb,2001,February,2/1/01,5.8,,,2482.11,2805.47,,,,48.2897,,119860.3473,135475.3047
1-Mar,2001,March,3/1/01,5.8,,1653296.01,3037.4,2869.64,15.83,31.24,52.92,48.4673,925936,147214.577,139083.7028
1-Apr,2001,April,4/1/01,5.5,,,3105.06,2245.69,,,,50.1854,,155828.6781,112700.8509
1-May,2001,May,5/1/01,5.5,,,2939.86,2599.97,,,,50.5389,,148577.2906,131399.6238
1-Jun,2001,June,6/1/01,5.9,,1729789.41,2856.88,2578.16,14.93,31.19,53.87,51.4881,990210,147095.3231,132744.5599
1-Jul,2001,July,7/1/01,6,,,2873.16,2594.45,,,,53.2242,,152921.6425,138087.5257
1-Aug,2001,August,8/1/01,5.7,,,2893.64,2620.76,,,,51.9877,,150433.6882,136247.2847
1-Sep,2001,September,9/1/01,5.7,,1709412.9,2752,2731.02,13.57,32.76,53.67,51.2499,996766,141039.7248,139964.5019
1-Oct,2001,October,10/1/01,5.2,,,2540.95,2940.77,,,,51.7333,,131451.7286,152135.7366
1-Nov,2001,November,11/1/01,4.2,,,2216.8,2629.79,,,,51.9899,,115251.2103,136722.5191
1-Dec,2001,December,12/1/01,3.7,79625397,1892884.91,2328.14,2645.47,16.93,30.65,52.43,51.7889,1111487,120571.8096,137005.9813
2-Jan,2002,January,1/1/02,3.3,,,2225.79,2631.44,,,,51.4097,,114427.1962,135281.541
2-Feb,2002,February,2/1/02,2.9,,,2543.97,2627.87,,,,51.2817,,130459.1063,134761.641
2-Mar,2002,March,3/1/02,3.3,,1693208.84,3435.73,2849.06,15.95,31.3,52.75,51.0661,1006579,175449.3318,145490.3829
2-Apr,2002,April,4/1/02,3.4,,,3881.24,2748.8,,,,50.9872,,197893.5601,140153.6154
2-May,2002,May,5/1/02,3.2,,,3302.52,2918.06,,,,49.8383,,164591.9825,145431.1497
2-Jun,2002,June,6/1/02,2.6,,1786322.12,3353.37,2936.41,14.42,31.7,53.88,50.4065,1073992,169031.6449,148014.1507
2-Jul,2002,July,7/1/02,2.5,,,3520.29,3222.74,,,,50.5963,,178113.6489,163058.7199
2-Aug,2002,August,8/1/02,2.7,,,3857.01,3032.17,,,,51.7931,,199766.5046,157045.484
2-Sep,2002,September,9/1/02,2.5,,1762583.28,3536.52,3191.39,13.53,32.33,54.14,52.1292,1059697,184355.9584,166364.6076
2-Oct,2002,October,10/1/02,2.3,,,3247.17,3033.18,,,,52.907,,171798.0232,160476.4543
2-Nov,2002,November,11/1/02,2.1,,,3436.5,3103.28,,,,53.3082,,183193.6293,165430.2709
2-Dec,2002,December,12/1/02,2.1,81401488,1956269.5,2896.4,2913.75,17.24,30.49,52.27,53.5195,1210291,155013.8798,155942.4431
3-Jan,2003,January,1/1/03,1.7,,,3142.49,2732.85,,,,53.5635,,168322.7631,146381.011
3-Feb,2003,February,2/1/03,2.3,,,3021.44,2787.82,,,,54.0748,,163383.7637,150750.8089
3-Mar,2003,March,3/1/03,2.1,,1758846.78,3694.22,3128.98,16.16,31.31,52.54,54.5909,1091333,201670.7946,170813.8343
3-Apr,2003,April,4/1/03,2.2,,,3432.72,2726.21,,,,52.8068,,181270.9585,143962.4262
3-May,2003,May,5/1/03,2.2,,,3609.65,2827.66,,,,52.5072,,189532.6145,148472.5092
3-Jun,2003,June,6/1/03,2.8,,1851704.77,3175.46,3060.47,14.12,31.81,54.06,53.3992,1147383,169567.0236,163426.6496
3-Jul,2003,July,7/1/03,2.3,,,3491.62,3009.49,,,,53.7138,,187548.1784,161651.144
3-Aug,2003,August,8/1/03,2.2,,,3360.19,3003.21,,,,54.9914,,184781.5524,165150.7224
3-Sep,2003,September,9/1/03,2.2,,1809766.98,3265.38,3353.95,13.44,32.54,54.02,55.0235,1152553,179672.6364,184546.0678
3-Oct,2003,October,10/1/03,2.3,,,3401.22,3339.92,,,,54.952,,186903.8414,183535.2838
3-Nov,2003,November,11/1/03,2.4,,,3545.75,3085.49,,,,55.3718,,196334.5599,170849.1352
3-Dec,2003,December,12/1/03,2.5,83068889,2045575.49,3330.38,3175.14,17.13,30.07,52.8,55.4451,1326540,184653.2521,176045.9548
4-Jan,2004,January,1/1/04,3.1,,,3481.4,2849.37,,,,55.5261,,193308.5645,158214.4036
4-Feb,2004,February,2/1/04,2.9,,,3313.65,3004.81,,,,56.0696,,185795.03,168478.4948
4-Mar,2004,March,3/1/04,3.1,,1840078.74,3921.99,3361.75,16.01,30.87,53.11,56.3029,1223639,220819.4108,189276.2741
4-Apr,2004,April,4/1/04,3.2,,,3764.8,2982.49,,,,55.9039,,210467.0027,166732.8227
4-May,2004,May,5/1/04,3.6,,,3584,3267.55,,,,55.8453,,200149.5552,182477.31
4-Jun,2004,June,6/1/04,4.1,,1932975.62,3778.07,3317.93,13.72,31.05,55.23,55.9848,1306195,211514.4933,185753.6475
4-Jul,2004,July,7/1/04,5.5,,,3760.77,3108.88,,,,55.9527,,210425.2356,173950.23
4-Aug,2004,August,8/1/04,5.7,,,3687.63,3430.06,,,,55.8342,,205895.8709,191514.6561
4-Sep,2004,September,9/1/04,6.2,,1909700.66,3816.87,3641.43,13.71,30.72,55.57,56.2132,1299857,214558.4767,204696.4329
4-Oct,2004,October,10/1/04,6.3,,,4007.92,3753.43,,,,56.3414,,225811.8239,211473.501
4-Nov,2004,November,11/1/04,6.8,,,3657.58,3685.41,,,,56.3221,,206002.5865,207570.0306
4-Dec,2004,December,12/1/04,7.1,84731835,2162922.41,3264.51,3277.42,16.57,30.41,53.02,56.1828,1494213,183409.3124,184134.6324
5-Jan,2005,January,1/1/05,7.3,,,3501.4,3294.32,,,,55.7662,,195259.7727,183711.708
5-Feb,2005,February,2/1/05,7.3,,,3211.23,3000.16,,,,54.8128,,176016.5077,164447.17
5-Mar,2005,March,3/1/05,7.1,,1972127.63,3832.01,3267.57,15.17,30.76,54.07,54.4402,1354481,208615.3908,177887.1643
5-Apr,2005,April,4/1/05,7.2,,,4112.56,3245.7,,,,54.4918,,224100.797,176864.0353
5-May,2005,May,5/1/05,7.3,,,3798,3304.99,,,,54.3411,,206387.4978,179596.7921
5-Jun,2005,June,6/1/05,6.7,,2077811.69,4210.26,3358.57,13.43,31.39,55.18,55.179,1456794,232317.9365,185322.534
5-Jul,2005,July,7/1/05,6,,,3832.99,3503.07,,,,56.0062,,214671.2045,196193.639
5-Aug,2005,August,8/1/05,6.1,,,4238.87,3512.64,,,,55.9523,,237174.5259,196540.2871
5-Sep,2005,September,9/1/05,6,,2029118.99,4337.2,3674.93,13.72,30.7,55.58,56.1562,1443454,243560.6706,206370.1041
5-Oct,2005,October,10/1/05,6.2,,,4159.12,3634.53,,,,55.7077,,231695.0092,202471.3069
5-Nov,2005,November,11/1/05,6.2,,,3975.17,3631.01,,,,54.5606,,216887.6603,198110.0842
5-Dec,2005,December,12/1/05,5.9,86394504,2282019.6,4209.38,3827.18,16.8,30.33,52.87,53.6118,1662553,225672.4387,205182.0087
6-Jan,2006,January,1/1/06,5.9,,,3707.18,3532.75,,,,52.6171,,195061.0608,185883.06
6-Feb,2006,February,2/1/06,6.5,,,3415.25,3448.3,,,,51.8168,,176967.3262,178679.8714
6-Mar,2006,March,3/1/06,6.6,,2071139.87,4226.6,4173.6,15.45,30.43,54.12,51.2189,1496799,216481.8027,213767.201
6-Apr,2006,April,4/1/06,6.3,,,4416.68,3917.88,,,,51.3597,,226839.3598,201221.1414
6-May,2006,May,5/1/06,6,,,4447.84,3885.12,,,,52.1273,,231853.89,202520.8158
6-Jun,2006,June,6/1/06,5.9,,2195368.69,4534,4055.14,13.76,30.52,55.73,53.1567,1626437,241012.4778,215557.8604
6-Jul,2006,July,7/1/06,5.5,,,4412.45,4016.28,,,,52.3976,,231201.7901,210443.4329
6-Aug,2006,August,8/1/06,5.2,,,4883.66,4273.8,,,,51.3618,,250833.5682,219510.0608
6-Sep,2006,September,9/1/06,4.9,,2117984.7,4355.48,4178.4,13.78,30.4,55.82,50.4012,1588797,219521.4186,210596.3741
6-Oct,2006,October,10/1/06,4.7,,,4686.41,4207.34,,,,50.0038,,234338.3084,210382.9879
6-Nov,2006,November,11/1/06,4.2,,,4509.66,4031.03,,,,49.8434,,224776.7872,200920.2407
6-Dec,2006,December,12/1/06,4.1,88015962,2389831.35,4178.47,3690.46,15.82,29.99,54.19,49.467,1838384,206696.3755,182555.9848
7-Jan,2007,January,1/1/07,3.8,,,3904.16,3991.85,,,,48.9143,,190969.2535,195258.5485
7-Feb,2007,February,2/1/07,2.9,,,3690.14,3721.35,,,,48.3814,,178534.1394,180044.1229
7-Mar,2007,March,3/1/07,2.6,,2164381.22,4566.52,4487.33,15.14,30.05,54.81,48.5172,1651799,221554.7641,217712.6871
7-Apr,2007,April,4/1/07,2.6,,,4342.8,4124.05,,,,47.8224,,207683.1187,197221.9687
7-May,2007,May,5/1/07,2.7,,,4296.14,4127.86,,,,46.8141,,201119.9276,193242.0508
7-Jun,2007,June,6/1/07,2.6,,2325314.09,4706.54,4147.42,13.46,30.7,55.84,46.1602,1783015,217254.8277,191445.7367
7-Jul,2007,July,7/1/07,2.9,,,5041.56,4248.79,,,,45.6251,,230021.6792,193851.4686
7-Aug,2007,August,8/1/07,2.7,,,4986.61,4121.45,,,,46.0737,,229751.5732,189890.4509
7-Sep,2007,September,9/1/07,2.9,,2217592.68,4743.8,4389.38,13.65,29.56,56.8,46.1315,1736724,218838.6097,202488.6835
7-Oct,2007,October,10/1/07,2.9,,,5150.65,4659.53,,,,44.3803,,228587.3922,206791.3393
7-Nov,2007,November,11/1/07,3.1,,,5084.21,3964.81,,,,43.2176,,219727.3541,171349.5727
7-Dec,2007,December,12/1/07,3.7,89508986,2533516.29,5000.63,4481.9,15.9,29.24,54.86,41.7429,2026706,208740.798,187087.5035
8-Jan,2008,January,1/1/08,4.6,,,4995.76,4230.56,,,,40.9381,,204516.9225,173191.0883
8-Feb,2008,February,2/1/08,5.1,,,4491.46,4112.01,,,,40.6711,,182672.6188,167239.9699
8-Mar,2008,March,3/1/08,5.9,,2297796.87,5123.01,4200.13,15.21,29.46,55.33,41.2524,1795699,211336.4577,173265.4428
8-Apr,2008,April,4/1/08,7.3,,,4856.96,4327.48,,,,41.8196,,203116.1244,180973.4826
8-May,2008,May,5/1/08,8.2,,,4775.68,4225.38,,,,42.902,,204886.2234,181277.2528
8-Jun,2008,June,6/1/08,9.4,,2484417.02,5322.25,4527.02,13.28,30.49,56.22,44.2806,2020177,235672.4234,200459.1618
8-Jul,2008,July,7/1/08,10.2,,,5882.36,4437.23,,,,44.9563,,264449.1409,199481.443
8-Aug,2008,August,8/1/08,10.5,,,5044.11,4394.5,,,,44.8769,,226364.0201,197211.5371
8-Sep,2008,September,9/1/08,10.1,,2362773.26,4891.09,4445.62,13.47,30.68,55.85,46.6922,1998449,228375.7525,207575.7782
8-Oct,2008,October,10/1/08,9.7,,,4577.74,3990.06,,,,48.0252,,219846.879,191623.4295
8-Nov,2008,November,11/1/08,9.1,,,3484.68,3512.97,,,,49.1862,,171398.1674,172789.645
8-Dec,2008,December,12/1/08,7.8,91075184,2698252.11,3300.96,2674.58,15.7,30.13,54.17,48.0942,2235875,158757.0304,128631.7854
9-Jan,2009,January,1/1/09,7.1,,,3269.94,2512.96,,,,47.2072,,154364.7116,118629.8053
9-Feb,2009,February,2/1/09,7.2,,,3058.78,2506.32,,,,47.5846,,145550.8228,119262.2347
9-Mar,2009,March,3/1/09,6.6,,2393607.29,3269.83,2906.75,15.25,28.87,55.89,48.458,1899600,158449.4221,140855.2915
9-Apr,2009,April,4/1/09,5.6,,,3057.23,2803.77,,,,48.2165,,147408.9303,135187.9762
9-May,2009,May,5/1/09,4.3,,,3616.59,3088.03,,,,47.5242,,171875.5465,146756.1553
9-Jun,2009,June,6/1/09,3.2,,2602999.34,4106.94,3406.91,13.26,29.72,57.02,47.9053,2075281,196744.1928,163209.0456
9-Jul,2009,July,7/1/09,2.2,,,4025.96,3313.36,,,,48.146,,193833.8702,159525.0306
9-Aug,2009,August,8/1/09,1.7,,,3617.29,3472.89,,,,48.1607,,174211.2185,167256.8134
9-Sep,2009,September,9/1/09,2.3,,2491195.64,3669.91,3637.64,13.16,28.75,58.09,48.1394,2036219,176667.2655,175113.807
9-Oct,2009,October,10/1/09,2.9,,,3808.29,3748.09,,,,46.8513,,178423.3373,175602.889
9-Nov,2009,November,11/1/09,3.5,,,3654.51,3717.83,,,,47.0324,,171880.3761,174858.4677
9-Dec,2009,December,12/1/09,4.4,92699095,2783075.26,3936.26,3321.24,15.13,29.93,54.94,46.4211,2379322,182725.5191,154175.6142
10-Jan,2010,January,1/1/10,3.9,,,4310.26,3579.44,,,,46.0276,,198390.9232,164753.0325
10-Feb,2010,February,2/1/10,3.9,,,3906.25,3570.23,,,,46.3116,,180904.6875,165343.0637
10-Mar,2010,March,3/1/10,3.9,,2420350.06,4555.82,4181.8,14.14,29.78,56.09,45.7425,2151614,208394.5964,191285.9865
10-Apr,2010,April,4/1/10,4,,,4568.36,3611.61,,,,44.6266,,203870.3744,161173.8748
10-May,2010,May,5/1/10,3.9,,,4811.76,4241.42,,,,45.5971,,219402.3019,193396.4519
10-Jun,2010,June,6/1/10,3.6,,2652251.49,4224.95,4556.73,11.85,31.14,57.01,46.3027,2352847,195626.5924,210988.9022
10-Jul,2010,July,7/1/10,3.7,,,4687.77,4505.19,,,,46.3203,,217138.9127,208681.7524
10-Aug,2010,August,8/1/10,4.1,,,4461.16,4774.45,,,,45.1825,,201566.3617,215721.5871
10-Sep,2010,September,9/1/10,3.8,,2514310.8,4597.22,5340.85,12.44,29.05,58.51,44.3137,2269768,203719.8279,236672.8246
10-Oct,2010,October,10/1/10,3.2,,,4904.46,4788.45,,,,43.4449,,213073.7743,208033.7314
10-Nov,2010,November,11/1/10,3.7,,,4955.78,4146.07,,,,43.4918,,215535.7926,180320.0472
10-Dec,2010,December,12/1/10,3.6,94384250,2832720.67,4949.14,4201.28,15.13,30.05,54.81,43.9548,2625222,217538.4589,184666.4221
11-Jan,2011,January,1/1/11,4,,,5302.44,4001.93,,,,44.1722,,234220.4402,176774.0523
11-Feb,2011,February,2/1/11,4.7,,,4876.58,3927.75,,,,43.7031,,213121.6634,171654.851
11-Mar,2011,March,3/1/11,4.9,,2616890.92,5552.51,4356.35,14.24,30.48,55.29,43.516,2351209,241623.0252,189570.9266
11-Apr,2011,April,4/1/11,4.7,,,5525.44,4306.44,,,,43.2402,,238921.1307,186211.3269
11-May,2011,May,5/1/11,4.9,,,4892.57,4118.69,,,,43.1307,,211019.9689,177641.9828
11-Jun,2011,June,6/1/11,5.2,,2863766.6,4503.9,4134.78,12.39,29.54,58.08,43.3657,2544840,195314.7762,179307.629
11-Jul,2011,July,7/1/11,4.9,,,5001.32,4460.27,,,,42.8088,,214100.5076,190938.8064
11-Aug,2011,August,8/1/11,4.6,,,5076.38,4172.9,,,,42.4209,,215344.6083,177018.1736
11-Sep,2011,September,9/1/11,4.7,,2692051.54,5082.89,3896.95,12.47,27.74,59.8,43.0256,2429057,218694.392,167668.6119
11-Oct,2011,October,10/1/11,5.2,,,5024.49,4155.66,,,,43.4514,,218321.1248,180569.2449
11-Nov,2011,November,11/1/11,4.7,,,5024.01,3366.03,,,,43.2745,,217411.5207,145663.2652
11-Dec,2011,December,12/1/11,4.2,96337125,3011151.94,4633.32,3407.16,14.27,29.7,56.03,43.6486,2819554,202237.9314,148717.764
12-Jan,2012,January,1/1/12,4.1,,,5139.4,4123.42,,,,43.6191,,224176.0025,179859.8693
12-Feb,2012,February,2/1/12,3,,,4998.18,4430.45,,,,42.6608,,213226.3573,189006.5414
12-Mar,2012,March,3/1/12,2.9,,2743208.7,5371.48,4324.62,13.5,30.23,56.27,42.8574,2539542,230207.667,185341.9692
12-Apr,2012,April,4/1/12,3.2,,,4788.12,4635.17,,,,42.6998,,204451.7664,197920.832
12-May,2012,May,5/1/12,2.9,,,5385.84,4931.6,,,,42.8515,,230791.3228,211326.4574
12-Jun,2012,June,6/1/12,2.7,,2965725.98,5103.03,4314.23,11.7,29.68,58.62,42.7765,2753027,218289.7628,184547.6596
12-Jul,2012,July,7/1/12,3.1,,,5047.28,4727.39,,,,41.9054,,211508.2873,198103.1689
12-Aug,2012,August,8/1/12,3.7,,,5183.83,3809.98,,,,42.0452,,217955.1691,160191.3711
12-Sep,2012,September,9/1/12,3.6,,2773776.25,5326.59,4810.8,12.15,27.98,59.87,41.749,2672921,222379.8059,200846.0892
12-Oct,2012,October,10/1/12,3.2,,,5276.86,4410.11,,,,41.4521,,218736.9284,182808.3207
12-Nov,2012,November,11/1/12,2.8,,,5207.74,3611.01,,,,41.1222,,214153.7258,148492.6754
12-Dec,2012,December,12/1/12,2.9,98248614,3132649.46,5300.32,3970.75,14.06,30.38,55.56,41.0067,3095098,217348.6321,162827.354
13-Jan,2013,January,1/1/13,2.8,,,4776.9,4514.31,,,,40.7295,,194560.7486,183865.5891
13-Feb,2013,February,2/1/13,2.9,,,4707.71,4174.32,,,,40.6723,,191473.3934,169779.1953
13-Mar,2013,March,3/1/13,2.7,,2908899.08,4951.87,4698.59,13.11,31.28,55.61,40.7127,2772721,201603.9977,191292.2851
13-Apr,2013,April,4/1/13,2.2,,,5153.25,4506.5,,,,41.1422,,212016.0422,185407.3243
13-May,2013,May,5/1/13,2.3,,,5272.1,5131.34,,,,41.2976,,217725.077,211912.0268
13-Jun,2013,June,6/1/13,2.5,,3150174.44,4889.69,4490.2,11.02,30.04,58.94,42.9069,2993985,209801.4399,192660.5624
13-Jul,2013,July,7/1/13,2.4,,,5494.15,4858.79,,,,43.3559,,238203.818,210657.2134
13-Aug,2013,August,8/1/13,1.8,,,5563.84,4956.02,,,,43.8639,,244051.7214,217390.3657
13-Sep,2013,September,9/1/13,2.3,,2979022.27,5719.19,5056.21,11.63,27.7,60.68,43.8318,2914503,250682.3922,221622.7855
13-Oct,2013,October,10/1/13,2.4,,,4844.03,5026.67,,,,43.1825,,209177.3255,217064.1773
13-Nov,2013,November,11/1/13,2.9,,,5592.57,4324.99,,,,43.5546,,243582.1493,188373.2095
13-Dec,2013,December,12/1/13,3.8,100175512,3378370.39,5445.26,4959.93,13.83,29.44,56.74,44.1043,3369383,240159.3806,218754.2407
14-Jan,2014,January,1/1/14,3.7,,,6006.12,4357.47,,,,44.9266,,269834.5508,195766.3117
14-Feb,2014,February,2/1/14,3.6,,,4855.79,4650.95,,,,44.895,,218000.6921,208804.4003
14-Mar,2014,March,3/1/14,3.5,,3129775.55,5485.68,5268.41,12.61,30.71,56.67,44.7916,3035915,245712.3843,235980.5134
14-Apr,2014,April,4/1/14,3.6,,,5365.82,4563.49,,,,44.6416,,239538.7901,203721.4952
14-May,2014,May,5/1/14,4,,,5068.88,5931.59,,,,43.9236,,222643.4576,260536.7865
14-Jun,2014,June,6/1/14,3.8,,3386828.97,4828.71,5461.54,10.68,30.38,58.94,43.8175,3296724,211582.0004,239311.029
14-Jul,2014,July,7/1/14,4.2,,,5564.43,5425.48,,,,43.4665,,241866.2966,235826.6264
14-Aug,2014,August,8/1/14,4.2,,,5844.51,5471.23,,,,43.7673,,255798.4225,239460.9648
14-Sep,2014,September,9/1/14,3.9,,3178883.73,5782.74,5846.06,10.73,28.18,61.09,44.0751,3174416,254874.8438,257665.6791
14-Oct,2014,October,10/1/14,3.7,,,5589.32,5148.21,,,,44.7979,,250389.7984,230628.9968
14-Nov,2014,November,11/1/14,3,,,5536.25,5174.9,,,,44.9514,,248862.1883,232618.9999
14-Dec,2014,December,12/1/14,1.9,102076336,3559155.38,5469.75,4802.28,13.44,30.37,56.19,44.6878,3699773,244431.0941,214603.3282
15-Jan,2015,January,1/1/15,1.5,,,5662.73,4356.78,,,,44.6044,,252582.674,194331.5578
15-Feb,2015,February,2/1/15,1.5,,,5734.54,4513.4,,,,44.2214,,253589.3872,199588.8668
15-Mar,2015,March,3/1/15,1.5,,3308136.02,5691.35,5434.17,12.18,30.66,57.16,44.4457,3204277,252956.0347,241525.4896
15-Apr,2015,April,4/1/15,1.4,,,5052.99,4434.03,,,,44.4136,,224421.4767,196931.2348
15-May,2015,May,5/1/15,0.9,,,4834.42,4899.37,,,,44.6106,,215666.3769,218563.8353
15-Jun,2015,June,6/1/15,0.6,,3621755.89,5940.76,5363.96,10.07,30.49,59.44,44.9831,3493900,267233.8012,241287.5491
15-Jul,2015,July,7/1/15,0.2,,,6845.66,5370.52,,,,45.2649,,309868.1153,243096.0507
15-Aug,2015,August,8/1/15,0,,,6175.98,5127.93,,,,46.142,,284972.0692,236612.9461
15-Sep,2015,September,9/1/15,-0.4,,3367553.46,6255.01,4959.51,10.1,28.11,61.79,46.7504,3330583,292424.2195,231859.0763
15-Oct,2015,October,10/1/15,-0.2,,,6534.11,4590.26,,,,46.3609,,302927.2203,212808.5848
15-Nov,2015,November,11/1/15,0.3,,,6094.66,5117.78,,,,47.0067,,286489.8542,240569.9491
15-Dec,2015,December,12/1/15,0.7,103767130,3798601.38,6245.02,4659.51,12.63,30.54,56.83,47.2303,3915398,294954.1681,220070.0552
16-Jan,2016,January,1/1/16,0.7,,,6825.21,4255.49,,,,47.5111,,324273.2348,202183.0109
16-Feb,2016,February,2/1/16,0.5,,,5651.64,4361.92,,,,47.6361,,269222.0882,207784.8573
16-Mar,2016,March,3/1/16,0.6,,3481796.47,6678.28,4730.01,10.92,31.1,57.97,46.724,3437650,312035.9547,221004.9872
16-Apr,2016,April,4/1/16,0.7,,,6864.59,4284.87,,,,46.2845,,317724.1159,198323.0655
16-May,2016,May,5/1/16,0.9,,,7067.86,4828.35,,,,46.8023,,330792.1041,225977.8852
16-Jun,2016,June,6/1/16,1.3,,3853504.01,7243.66,4872.9,9.23,30.6,60.17,46.4645,3791145,336573.0401,226416.8621
16-Jul,2016,July,7/1/16,1.3,,,7159.42,4786.91,,,,47.0581,,336908.7023,225262.8895
16-Aug,2016,August,8/1/16,1.3,,,7165.89,5036.07,,,,46.6809,,334510.1945,235088.2801
16-Sep,2016,September,9/1/16,1.7,,3589387.68,7381.22,5361.57,9.74,28.61,61.65,47.4294,3644979,350086.8359,254296.0482
16-Oct,2016,October,10/1/16,1.8,,,7260.09,5036.08,,,,48.3482,,351012.2833,243485.4031
16-Nov,2016,November,11/1/16,2.1,,,7377.52,4886.88,,,,49.155,,362641.9956,240214.5864
16-Dec,2016,December,12/1/16,2.2,105312992,4066219.29,7432.67,4965.05,11.68,30.7,57.62,49.8156,4258608,370262.9157,247336.9448
17-Jan,2017,January,1/1/17,2.5,,,7926.01,5597.12,,,,49.7363,,394210.4112,278380.0395
17-Feb,2017,February,2/1/17,3.1,,,6825.96,5156.3,,,,49.9614,,341034.5179,257615.9668
17-Mar,2017,March,3/1/17,3.1,,3722688.28,8107.13,6003.05,10.8,30.82,58.38,50.2752,3745533,407587.5822,301804.5394
17-Apr,2017,April,4/1/17,3.2,,,7140.82,5587.11,,,,49.8626,,356059.8513,278587.8311
17-May,2017,May,5/1/17,2.9,,,8494.95,5987.55,,,,49.8603,,423560.7555,298541.0393
17-Jun,2017,June,6/1/17,2.5,,4140186,7289.68,5704.04,9.16,30.55,60.28,49.8501,4153954,363391.277,284346.9644
17-Jul,2017,July,7/1/17,2.4,,,7138.89,5833.61,,,,50.6382,,361500.5396,295403.5099
17-Aug,2017,August,8/1/17,2.6,,,8715.34,5978.83,,,,50.8747,,443390.3079,304171.1826
17-Sep,2017,September,9/1/17,3,,3852482.66,7737.89,5985.71,9.38,28.84,61.78,51.0094,4017922,394705.1262,305327.4757
17-Oct,2017,October,10/1/17,3.1,,,8497.79,5912.65,,,,51.3433,,436304.5813,303574.9627
17-Nov,2017,November,11/1/17,3,,,8862.53,5582.9,,,,51.0384,,452329.3512,284942.2834
17-Dec,2017,December,12/1/17,2.9,106735719,4347318.95,9356.25,5384.03,11.23,30.87,57.9,50.3947,4639242,471505.4119,271326.5766
18-Jan,2018,January,1/1/18,3.4,,,8882.7,5656.21,,,,50.5087,,448653.6295,285687.814
18-Feb,2018,February,2/1/18,3.7,,,7762.25,5225.71,,,,51.7856,,401972.7736,270616.5278
18-Mar,2018,March,3/1/18,4.3,,3959977.37,8364.28,6024.47,10.4,30.98,58.62,52.0676,4101138,435507.9853,313679.6942
18-Apr,2018,April,4/1/18,4.3,,,9180.81,5481.97,,,,52.0986,,478307.3479,285602.9622
18-May,2018,May,5/1/18,4.6,,,9972.39,6091.89,,,,52.1948,,520506.9016,317964.9802
18-Jun,2018,June,6/1/18,5,,4437331.26,9469.46,5916.49,8.62,30.86,60.52,53.0476,4568792,502332.1263,313855.5949
18-Jul,2018,July,7/1/18,5.8,,,9982.73,5966.51,,,,53.4329,,533406.2138,318807.9322
18-Aug,2018,August,8/1/18,6.6,,,9814.79,6216.23,,,,53.2735,,522868.2151,331160.3289
18-Sep,2018,September,9/1/18,6.9,,4142636.11,10076.42,6052.78,8.84,28.98,62.19,53.9419,4450213,543541.24,326498.4535
18-Oct,2018,October,10/1/18,6.9,,,10724.29,6308.84,,,,54.0086,,579203.8889,340731.616
18-Nov,2018,November,11/1/18,6.1,,,9710.64,5636.46,,,,52.8083,,512802.3903,297651.8706
18-Dec,2018,December,12/1/18,5.2,108119693,4636033.35,8900.09,4729.85,10.72,31.34,57.94,52.7691,5145048,469649.7392,249589.9276
19-Jan,2019,January,1/1/19,4.4,,,9565.31,5293.1,,,,52.4679,,501871.7285,277717.8415
19-Feb,2019,February,2/1/19,3.8,,,7984.95,5251.62,,,,52.1901,,416735.339,274082.573
19-Mar,2019,March,3/1/19,3.4,,4215576.48,9365.8,6030.8,9.88,30.73,59.39,52.4134,4426077,490893.4217,316094.7327
19-Apr,2019,April,4/1/19,3.2,,,9451.19,5652.23,,,,52.1122,,492522.3035,294550.1402
19-May,2019,May,5/1/19,3.2,,,9848.9,6199.69,,,,52.262,,514723.2118,324008.1988
19-Jun,2019,June,6/1/19,2.7,,4720383.97,8785.68,6149.83,8.22,30.27,61.51,51.8029,4865973,455123.7025,318579.0285
19-Jul,2019,July,7/1/19,2.2,,,9893.35,6252.11,,,,51.1429,,505974.6097,319751.0365
19-Aug,2019,August,8/1/19,1.4,,,9307.45,6302.58,,,,52.0547,,484496.5175,328078.9111
19-Sep,2019,September,9/1/19,0.5,,4397241.33,9488.56,6079.81,8.56,28.9,62.54,52.1052,4725892,494403.3165,316789.716
19-Oct,2019,October,10/1/19,0.6,,,9914.28,6341.73,,,,51.5042,,510627.06,326625.7303
19-Nov,2019,November,11/1/19,1.2,,,9275.21,5622.87,,,,50.7268,,470501.7226,285230.2019
19-Dec,2019,December,12/1/19,2.4,109465287,4931988.49,8712.41,5750.62,10.14,31.49,58.37,50.7671,5499920,442303.7897,291942.3006
20-Jan,2020,January,1/1/20,3,,,9556.69,5801.89,,,,50.8386,,485848.7402,294959.965
20-Feb,2020,February,2/1/20,2.5,,,7400.35,5432.17,,,,50.7448,,375529.2807,275654.3802
20-Mar,2020,March,3/1/20,2.2,,4463185.92,7804.99,5079.05,9.92,30.19,59.89,50.9036,4449141,397302.089,258541.9296
20-Apr,2020,April,4/1/20,1.8,,,3507.07,3319.97,,,,50.7349,,177930.8457,168438.346
20-May,2020,May,5/1/20,1.6,,,5855.19,4541.51,,,,50.5556,,296012.6436,229598.763
20-Jun,2020,June,6/1/20,2.3,,4985924.38,6955.79,5531.67,10.04,28.52,61.44,50.0972,4138373,348465.6028,277121.1783
20-Jul,2020,July,7/1/20,2.4,,,7833.6,5698.73,,,,49.4675,,387508.608,281901.9263
20-Aug,2020,August,8/1/20,2.2,,,7679.4,5499.62,,,,48.8433,,375087.238,268619.5895
20-Sep,2020,September,9/1/20,2.2,,4675544.21,8552.49,6286.06,9.79,26.95,63.26,48.5057,4205108,414844.5142,304909.7405
20-Oct,2020,October,10/1/20,2.3,,,8335.45,6287.05,,,,48.4822,,404120.954,304810.0155
20-Nov,2020,November,11/1/20,3,,,8026.77,5882.74,,,,48.2521,,387308.5087,283854.5588
20-Dec,2020,December,12/1/20,3.3,110804683,5258096.11,8303.75,5854.06,10.77,30.69,58.54,48.0637,5158953,399108.9489,281367.7836
21-Jan,2021,January,1/1/21,3.7,,,8424.81,5549.4,,,,48.0614,,404908.1633,266711.9332
21-Feb,2021,February,2/1/21,4.2,,,8064.45,5358.48,,,,48.2042,,388740.3607,258301.2416
21-Mar,2021,March,3/1/21,4.1,,4433805.49,9533.14,6779.04,10.17,30.07,59.76,48.5743,4374072,463065.6023,329287.1227
21-Apr,2021,April,4/1/21,4.1,,,8878.68,5784.51,,,,48.462,,430278.5902,280328.9236
21-May,2021,May,5/1/21,4.1,,,9121.64,5943.04,,,,47.9552,,437430.0705,284999.6718
21-Jun,2021,June,6/1/21,3.7,,4142943.37,9906.89,6578.17,8.96,30.87,60.17,48.1247,4767989,476766.1092,316572.4578
21-Jul,2021,July,7/1/21,3.7,,,9991.04,6487.15,,,,49.943,,498982.5107,323987.7325
21-Aug,2021,August,8/1/21,4.4,,,9850.62,6541.29,,,,50.2343,,494839.0003,328597.1242
21-Sep,2021,September,9/1/21,4.2,,4135498.81,10499.42,6691.76,8.99,27.36,63.65,50.1421,4604095,526462.9676,335538.8991
21-Oct,2021,October,10/1/21,4,,,10234.67,6420.43,,,,50.7491,,519400.2913,325831.0441
21-Nov,2021,November,11/1/21,3.7,,,10984.18,6278.24,,,,50.3571,,553131.4507,316153.9595
21-Dec,2021,December,12/1/21,3.1,112081264,4825595.62,11395.68,6281.6,10.13,31.22,58.66,50.2478,5664458,572607.8495,315636.5805
22-Jan,2022,January,1/1/22,3,,,10559.01,6082.16,,,,51.2353,,540994.0451,311621.2922
22-Feb,2022,February,2/1/22,3,,,10185.73,6249.09,,,,51.2807,,522331.3644,320457.7096
22-Mar,2022,March,3/1/22,4,,4266797.02,11768.49,7305.01,9.43,30.61,59.96,52.074,4928798,612832.3483,380401.0907
22-Apr,2022,April,4/1/22,4.9,,,11462.84,6167.58,,,,51.976,,595792.5718,320566.1381
22-May,2022,May,5/1/22,5.4,,,11879.48,6355.77,,,,52.3618,,622030.9559,332799.5576
22-Jun,2022,June,6/1/22,6.1,,4641824.63,12521.68,6741.31,8.35,30.51,61.13,53.5685,5398104,670767.6151,361121.8647
22-Jul,2022,July,7/1/22,6.4,,,12215,6240.31,,,,55.8925,,682726.8875,348786.5267
22-Aug,2022,August,8/1/22,6.3,,,12455.33,6461.89,,,,55.7501,,694385.893,360251.0137
22-Sep,2022,September,9/1/22,6.9,,4426630.15,12011.51,7249.23,8.53,26.87,64.61,57.4338,5249946,689866.663,416350.826
22-Oct,2022,October,10/1/22,7.7,,,11024.21,7745.59,,,,58.8247,,648495.846,455632.0081
22-Nov,2022,November,11/1/22,8,,,10817.61,7165.6,,,,57.6523,,623660.097,413113.3209
22-Dec,2022,December,12/1/22,8.1,113100950,5204832.41,10320.21,5810.57,9.42,30.46,60.11,55.6839,6451429,574669.5416,323555.1988
23-Jan,2023,January,1/1/23,8.7,,,10997.87,5441.87,,,,54.9913,,604787.1685,299255.5057
23-Feb,2023,February,2/1/23,8.6,,,8983.78,5103.31,,,,54.7831,,492159.3181,279575.1421
23-Mar,2023,March,3/1/23,7.6,,4611219.42,11631.81,6613.63,9.06,29.96,60.98,54.7956,5614956,637372.008,362397.824
23-Apr,2023,April,4/1/23,6.6,,,9748.47,4916.14,,,,55.3155,,539241.4923,271938.7422
23-May,2023,May,5/1/23,6.1,,,10932.62,6530.25,,,,55.7279,,609251.9541,363917.119
23-Jun,2023,June,6/1/23,5.4,,4990934.04,10667.01,6730.74,8.03,29.84,62.14,55.8946,5887040,596228.2571,376212.02
23-Jul,2023,July,7/1/23,4.7,,,10370.22,6245.73,,,,54.9211,,569543.8896,343022.3619
23-Aug,2023,August,8/1/23,5.3,,,10834.74,6729.64,,,,56.1599,,608477.9149,377935.9094
23-Sep,2023,September,9/1/23,6.1,,4767549.24,10320.24,6771.93,8.13,26.77,65.1,56.7869,5761125,586054.4369,384556.9117
23-Oct,2023,October,10/1/23,4.9,,,10759.41,6518.43,,,,56.7889,,611015.0585,370174.4694
23-Nov,2023,November,11/1/23,4.1,,,11000.53,6231.07,,,,55.8122,,613963.7805,347769.7251
23-Dec,2023,December,12/1/23,3.9,113964338,5575901.99,9962.5,5784.38,9.05,29.8,61.15,55.5877,7050442,553792.4613,321540.3801
24-Jan,2024,January,1/1/24,2.8,,,10340.59,5993.4,,,,55.9723,,578786.6057,335464.3828
24-Feb,2024,February,2/1/24,3.4,,,9578.97,6015.84,,,,56.0649,,537043.9952,337277.468
24-Mar,2024,March,3/1/24,3.7,,4907012.67,9579.22,6225.25,8.6,29.76,61.64,55.8493,6119136,534992.7315,347675.8548
24-Apr,2024,April,4/1/24,3.8,,,11030.93,6304.7,,,,56.9506,,628218.0821,359056.4478
24-May,2024,May,5/1/24,3.9,,,11064.76,6334.84,,,,57.7619,,639121.5606,365912.3946
24-Jun,2024,June,6/1/24,3.7,,5203455.44,9904.2,5568.59,7.37,30.25,62.38,58.6963,6494774,581339.8945,326855.6292
24-Jul,2024,July,7/1/24,4.4,,,11129.79,6251.6,,,,58.4845,,650920.2033,365621.7002
24-Aug,2024,August,8/1/24,3.3,,,11148.73,6753.4,,,,57.1935,,637634.8893,386250.5829
24-Sep,2024,September,9/1/24,1.9,,5051395.98,11362.26,6259.74,7.51,26.72,65.77,56.0713,6254621,637096.6891,350991.7595
24-Oct,2024,October,10/1/24,2.3,,,12005.74,6191.05,,,,57.3009,,687939.7072,354752.7369
24-Nov,2024,November,11/1/24,2.5,,,10632.93,5697.41,,,,58.6947,,624096.6365,334407.7707
24-Dec,2024,December,12/1/24,2.9,114891199,5884528.49,9818.51,5672.89,8.46,29.58,61.97,58.448,7577838,573872.2725,331569.0747
25-Jan,2025,January,1/1/25,2.9,,,11497.73,6571.45,,,,58.3906,,673137.3471,383832.9447
25-Feb,2025,February,2/1/25,2.1,,,9761.28,6787.09,,,,58.0942,,568074.7156,394295.2114
25-Mar,2025,March,3/1/25,1.8,,5195588.2,11280.45,6767.76,8.34,29.53,62.12,57.4246,6583459,648447.7711,389493.2602
25-Apr,2025,April,4/1/25,1.4,,,10755.11,6782.51,,,,56.8529,,612085.7123,385653.1192
25-May,2025,May,5/1/25,1.3,,,10946.76,7314.57,,,,55.6246,,609636.7161,407076.3977
25-Jun,2025,June,6/1/25,1.4,,5539082.71,11460.54,7064.26,7.47,29.28,63.25,56.3586,6963096,646137.8229,398251.8475
25-Jul,2025,July,7/1/25,0.9,,,11772.51,7349.57,,,,56.7523,,668863.312,417539.7241
25-Aug,2025,August,8/1/25,1.5,,,11112.23,7126.04,,,,57.2525,,636466.3096,408094.1024
25-Sep,2025,September,9/1/25,1.7,,5316054.33,11944.28,7274.67,7.43,25.87,66.7,57.2501,6556241,684379.7179,416868.8932
25-Oct,2025,October,10/1/25,1.7,,,11641.73,7448.17,,,,58.2984,,679003.7967,434256.6198
25-Nov,2025,November,11/1/25,1.5,,,10421.98,6908.34,,,,58.9136,,641501.9425,408082.7245
25-Dec,2025,December,12/1/25,1.8,115806994.8,,..,..,,,,58.8488,7907140,648471.4049,413474.6112
,2026,January,1/1/26,2,,,11416.82,7142.75,,,,59.1622,,675444.1882,422580.8041
,2026,February,2/1/26,2.4,,,11012.96,7330.43,,,,58.2803,,641838.6127,427219.6595
,2026,March,3/1/26,4.1,,,,,,,,59.4069,7032331.834,638603.0836,405116.5871
,2026,April,4/1/26,4.944294525,,,,,,,,59.84289976,,655293.2621,432653.5232
,2026,May,5/1/26,5.188257716,,,,,,,,59.89549093,,660184.9961,435260.9368
,2026,June,6/1/26,5.428283667,,,,,,,,60.2780821,6668734.813,680366.8775,440452.2782
,2026,July,7/1/26,5.66525213,,,,,,,,60.54424092,,680312.1896,446933.0917
,2026,August,8/1/26,5.560456826,,,,,,,,60.70828798,,688512.0332,454503.4604
,2026,September,9/1/26,5.812285778,,,,,,,,60.9899115,8111814.47,694973.6946,457170.775
,2026,October,10/1/26,5.872194086,,,,,,,,61.1920615,,678334.8642,435398.9368
,2026,November,11/1/26,6.109064949,,,,,,,,61.06650268,,663536.8021,421930.0955
,2026,December,12/1/26,5.743815087,116710298.4,,,,,,,60.94110568,6781106.503,686218.3866,429450.3827
,2027,January,1/1/27,5.797091363,,,,,,,,61.04284998,,637169.2196,427375.4265
,2027,February,2/1/27,5.731312084,,,,,,,,60.83971802,,683513.4813,453320.2356
,2027,March,3/1/27,4.629658486,,,,,,,,60.89711231,7044806.094,663372.6627,423400.6799